numer_miejsca,nazwa,nazwa_angielska,adres,typ,wspolrzedne,czas_dojazdu,orientacyjny_czas,koszt,godziny_otwarcia,konieczna_akcja,trudnosc_adhd,ochrona_slonce,potencjal_meltdownu,strategie_meltdown,opis,zadania_dla_dzieci,odwiedzone
1,Pałac Minojski w Knossos,Minoan Palace of Knossos,"Minoan Palace of Knossos, Knossos, Heraklion 714 09",Must have,"35.29805, 25.16278",2 godz. 15 min,1.5 - 2.5 godziny,"40 EUR (bilety wstępu: dorośli 2x20 EUR, dzieci 5 i 7 lat: bezpłatnie; opcjonalny przewodnia 3D iPad ok. 10 EUR)",8:00 - 19:30 (10-15.09) / 8:00 - 19:00 (16-24.09),Rekomendowana rezerwacja biletów online w sezonie (by uniknąć długich kolejek) oraz umówienie licencjonowanego przewodnika na miejscu.,"Trudne - Długie czekanie w kolejkach, tłumy i wysoka temperatura szybko wyczerpują cierpliwość. Abstrakcyjne ruiny wymagają dużej wyobraźni, a zakaz zbaczania ze ścieżek ogranicza potrzebę ruchu. Wskazówki: Kup bilety online na rano (8:00), użyj aplikacji 3D na iPadzie dla wizualnego zaangażowania, zamień zwiedzanie w poszukiwanie skarbów (np. minotaura/podwójnego topora), zaplanuj częste przerwy w cieniu.","Pełne słońce. Brak naturalnego cienia na terenie ruin pałacu. Konieczne nakrycie głowy, krem z filtrem UV oraz zapas wody.","Wysoki do Ekstremalny - Dzieci: Ponad 2-godzinna podróż w jedną stronę buduje ogromne napięcie ruchowe. Na miejscu upał, tłum, brak cienia i konieczność chodzenia po ciasnych pomostach bez możliwości swobodnego biegania to prosta droga do przeciążenia sensorycznego. Rodzice: Silne wyczerpanie jazdą i presja wydanych 40 EUR mogą obniżyć cierpliwość, powodując lęk przed oceną innych ludzi podczas meltdownu dziecka.","Kup bilety online na rano (8:00), wejdźcie na otwarcie. Wypożyczcie iPada z aplikacją 3D – to świetna kotwica uwagi dla 9-latka. Pamiętajcie, że dzieci mają darmowy wstęp: jeśli po 30 minutach poczujecie przeciążenie, opuśćcie obiekt bez poczucia winy lub straty finansowej. Używajcie parasola słonecznego jako mobilnego cienia.","Legendarna stolica minojskiej Krety z ruinami pałacu króla Minosa, mitycznym labiryntem Minotaura i słynnymi rekonstrukcjami kolorowych kolumn oraz fresków, w tym skoków przez byka.","1. Odszukaj malowidło przedstawiające ludzi skaczących przez byka. 2. Policz, ile wielkich glinianych beczek (pitosów) znajduje się w starożytnych spiżarniach. 3. Spróbuj znaleźć wejście do mitycznego labiryntu Minotaura.",0
2,Cretaquarium,Cretaquarium,"Cretaquarium, Gournes, Heraklion 715 00",Must have,"35.33256, 25.28254",2 godz. 25 min,1.5 - 2 godziny,"36 EUR (dorośli: 2x12 EUR, dzieci 5 i 7 lat: 2x6 EUR)",9:30 - 19:00 (sezon letni),"Niewymagana, ale rekomendowany zakup biletów online w sezonie, aby pominąć kolejkę do kasy.","Średnie - Akwarium jest wizualnie atrakcyjne i klimatyzowane, co sprzyja wyciszeniu (półmrok). Wyzwaniem mogą być hałas, pogłos (echo) oraz tłumy. Wskazówki: Zabierz słuchawki wygłuszające dla dziecka AuDHD, unikaj godzin szczytu (11:00-15:00), pozwól dziecku sterować tempem oglądania zbiorników.","Cień (Wewnątrz). Klimatyzowane wnętrza oceanarium, idealne schronienie przed słońcem i upałem w ciągu dnia.","Wysoki - Dzieci: Bardzo długa trasa autem (2h 25 min) gromadzi duży ładunek energii. Wewnątrz panuje kojący półmrok, ale tłum, hałas i echo w salach mogą wywołać nagły kryzys u dziecka AuDHD. Rodzice: Presja kosztu (36 EUR) i skumulowane zmęczenie po długiej podróży utrudniają elastyczne reagowanie na dysregulację dzieci.","Załóż dziecku AuDHD słuchawki wygłuszające, aby wyciszyć pogłos hal akwarystycznych. Unikajcie godzin szczytu (11:00-15:00). Pozwólcie dzieciom kontrolować tempo przechodzenia obok zbiorników. W razie niepokoju odpocznijcie w Aqua Cafe lub wyjdźcie na pobliską, szeroką plażę Gournes.","Jedno z największych akwariów w Europie, prezentujące bogate życie Morza Śródziemnego, w tym rekiny, płaszczki i meduzy, w realistycznie odwzorowanych i klimatyzowanych ekosystemach.","1. Znajdź rekina i policz jego płetwy grzbietowe. 2. Odszukaj najdziwniejszą, świecącą w ciemności meduzę i nazwij jej kolor. 3. Spróbuj wypatrzyć ukrytą na dnie ośmiornicę lub płaszczkę leżącą w piasku.",0
3,Lake Kournas,Lake Kournas,"Lake Kournas, Apokoronas 730 07",Must have,"35.33230, 24.27768",55 min,1 - 2 godziny,"10-15 EUR (wstęp darmowy; rower wodny 4-osobowy: 10 EUR/h zwykły, 15 EUR/h ze zjeżdżalnią)",brak ograniczeń (wypożyczalnie rowerów: 9:00 - 20:00),Brak (wypożyczenie rowerów wodnych odbywa się na miejscu bez rezerwacji).,"Łatwe - Dużo przestrzeni na świeżym powietrzu, karmienie kaczek i bezpośredni kontakt z naturą sprzyjają regulacji sensorycznej. Rower wodny ze zjeżdżalnią to świetny sposób na aktywne rozładowanie energii.","Pełne słońce / Półcień. Na tafli wody (rowery wodne) pełne słońce, natomiast przy brzegu pod drzewami i w tawernach jest głęboki, przyjemny cień.","Niski do Średni - Dzieci: Dojazd (55 min) jest w granicach tolerancji. Swobodna przestrzeń, kontakt z wodą i karmienie kaczek działają regulująco na układ nerwowy. Ryzyko meltdownu rośnie tylko przy skrajnym zmęczeniu słońcem. Rodzice: Niski koszt wstępu (0 EUR) i relaksujący krajobraz dają poczucie spokoju i brak presji finansowej.","Płynięcie rowerem wodnym z wbudowaną zjeżdżalnią to wspaniały stymulator sensoryczny i sposób na aktywne rozładowanie energii. W razie zmęczenia zjedzcie obiad w jednej z tawern bezpośrednio przy brzegu w głębokim cieniu drzew, gdzie szum wody i kaczki uspokajają układy nerwowe.","Jedyne naturalne słodkowodne jezioro na Krecie, otoczone majestatycznymi wzgórzami Gór Białych, słynące z krystalicznej wody, pływających żółwi błotnych i wypożyczalni rowerów wodnych.","1. Wypatruj małych żółwi błotnych wygrzewających się na słońcu. 2. Policz, ile gęsi i kaczek pływa blisko brzegu. 3. Podczas jazdy rowerem wodnym, spróbuj dotknąć stopą orzeźwiającej wody i opisz jej temperaturę.",0
4,Muzeum Archeologiczne w Heraklionie,Heraklion Archaeological Museum,"Xanthoudidou Street 1, Heraklion 712 02",Must have,"35.33924, 25.13702",2 godz. 15 min,1.5 - 2 godziny,"40 EUR (dorośli: 2x20 EUR, dzieci 5 i 7 lat: bezpłatnie)",8:00 - 20:00 (lato),"Niewymagana, ale rekomendowany zakup biletów online w sezonie, aby pominąć kolejkę do kasy.","Trudne - Tradycyjne muzeum z zasadą 'patrz, ale nie dotykaj', wymagające ciszy i hamowania impulsów. Echo w salach może drażnić słuchowo dziecko z AuDHD. Wskazówki: Ogranicz wizytę do 45 minut, skup się na kilku najciekawszych obiektach (np. Dysk z Fajstos - zamień to w zagadkę detektywistyczną), zabierz słuchawki wygłuszające i wykorzystaj interaktywne lub dotykowe kopie eksponatów.","Cień (Wewnątrz). Klimatyzowane sale nowoczesnego muzeum, świetna ucieczka przed popołudniowym upałem.","Średni - Dzieci: Krótki dojazd (20 min) pozwala zachować spokój przed wejściem. Jednak ciche, zamknięte sale muzeum i zasada 'nie dotykaj' wymagają silnego hamowania impulsów, co jest trudne dla ADHD. Rodzice: Niski poziom zmęczenia jazdą ułatwia spokojne przewodnictwo, a koszt 40 EUR stwarza umiarkowaną presję, by wizyta była udana.",Zaplanujcie ekspresową wizytę (maksymalnie 30-45 minut). Załóż dziecku AuDHD słuchawki wygłuszające (pogłos w salach). Przekształćcie wizytę w grę detektywistyczną (np. poszukiwanie słynnego Dysku z Fajstos). Wykorzystajcie kawiarnię muzealną lub dziedziniec jako strefę dekompresji.,"Nowoczesne muzeum w Heraklionie mieszczące najwspanialszą na świecie kolekcję minojskich skarbów, w tym kultowy Dysk z Fajstos i słynny złoty wisiorek z dwoma pszczołami.","1. Odszukaj słynny Dysk z Fajstos i znajdź na nim symbol przypominający głowę z pióropuszem. 2. Znajdź złotą zawieszkę z dwoma pszczołami trzymającymi kroplę miodu. 3. Wypatrz najmniejsze gliniane naczynie i zgadnij, co starożytne dzieci mogły w nim trzymać.",0
5,Botanical Garden of Crete,Botanical Garden of Crete,"Fournes, Chania 730 05",Must have,"35.41829, 23.93922",55 min,2 - 3 godziny,"20 EUR (dorośli: 2x8 EUR, dziecko 7 lat: 4 EUR, dziecko 5 lat: bezpłatnie)",9:00 - do zachodu słońca,Brak.,"Średnie - Długi spacer (około 2.5 km) po pagórkowatym terenie może zmęczyć fizycznie, ale kontakt z roślinami, zwierzętami i otwarta przestrzeń sprzyjają wyciszeniu. Wskazówki: Rób częste przerwy w zacienionych punktach, weź wózek/nosidło dla młodszego dziecka, unikaj godzin południowych.","Półcień. Spacer ścieżkami pod koronami drzew daje dużo naturalnego cienia, choć są też otwarte, nasłonecznione polany. Bardzo komfortowe na spacer.","Średni - Dzieci: Dojazd (55 min) jest znośny. Dużo ruchu na świeżym powietrzu i sensoryka roślin (zapachy, tekstury) sprzyjają regulacji, choć długi spacer (2.5 km) pod górę pod koniec może wywołać meltdown ze zmęczenia fizycznego. Rodzice: Koszt (20 EUR) i piękno przyrody dają dobrą relację jakości do ceny, co zmniejsza stres logistyczny.",Poruszajcie się niespiesznie. Róbcie częste przerwy w zacienionych punktach widokowych. Posiadanie wózka lub nosidła dla 5-latka uchroni go przed przeciążeniem fizycznym. Obiad w tutejszej restauracji podawany jest w spokojnym otoczeniu i działa kojąco po spacerze.,"Przepiękny, 20-hektarowy ogród u stóp Gór Białych, powstały na zgliszczach po pożarze orange-oliwnych gajów, prezentujący bogatą florę z całego świata i swobodnie spacerujące pawie.","1. Znajdź spalone, wiekowe drzewo oliwne i dotknij jego szorstkiej kory. 2. Odszukaj roślinę, której liście pachną jak cytryna lub mięta (potrzyj delikatnie listek). 3. Policz pawie, które swobodnie spacerują po ścieżkach ogrodu.",0
6,Argyroupoli Waterfalls,Argyroupoli Waterfalls,Argyroupoli 740 07,Must have,"35.28634, 24.33321",1 godz. 10 min,1 - 2 godziny,0 EUR wstęp (opcjonalny tradycyjny obiad w tawernie pod platanami ok. 50-60 EUR dla rodziny 2+2),brak ograniczeń,Brak.,Łatwe - Szum wody działa niesamowicie kojąco i regulująco na układ nerwowy. Cień platanów i chłód dają odpoczynek od słońca. Dzieci mogą bezpiecznie biegać wokół strumyków.,"Cień / Półcień. Głęboki cień rzucany przez potężne, wiekowe platany oraz przyjemny chłód i wilgoć od płynących wodospadów.","Niski - Dzieci: Dojazd (1h 10 min) jest umiarkowany. Kojący, głośny biały szum wodospadów i naturalny chłód działają niezwykle regulująco na zmysły dzieci. Rodzice: Brak opłaty za wstęp (0 EUR) eliminuje presję finansową, a bliskość świetnych tawern pozwala na spokojny lunch w cieniu platanów.","Idealne miejsce na sensoryczną samoregulację. Pozwólcie dzieciom na bezpieczny, bezpośredni kontakt z zimną wodą (moczenie dłoni, rzucanie listków). Szum wody i głęboki cień platanów koją przemęczenie hałasem i nadmiarem wrażeń zmysły. Zjedzcie spokojny lunch w jednej z restauracji nad wodą.","Urokliwe naturalne wodospady i źródła płynące ze skał pod stuletnimi platanami w Argyroupoli, oferujące kojący szum wody, przyjemny chłód w upalne dni oraz słynne tawerny rybne.","1. Zamknij na chwilę oczy i wsłuchaj się w szum wodospadów – spróbuj wskazać ręką, skąd płynie najgłośniejszy strumień. 2. Wypatrz pływające w basenach pstrągi i policz, ile z nich stoi nieruchomo pod prąd wody. 3. Znajdź miejsce, gdzie woda wypływa bezpośrednio z jaskini lub skały.",0
7,Ancient Aptera,Ancient Aptera,"Aptera, Chania 730 03",Must have,"35.46271, 24.14175",35 min,1.5 - 2 godziny,"20 EUR (dorośli: 2x10 EUR, dzieci bezpłatnie)",8:00 - 19:30 (10-15.09) / 8:00 - 19:00 (16-24.09) (wtorki zamknięte),Brak (rezerwacja konieczna tylko na rzadkie letnie koncerty organizowane w amfiteatrze).,"Średnie - Rozległy, otwarty teren archeologiczny. Brak tłumów pozwala na swobodne bieganie i rozładowanie energii, jednak ekspozycja na słońce i brak cienia mogą szybko pogorszyć humor. Wskazówki: Zwiedzaj wcześnie rano, poruszaj się ścieżkami jak w labiryncie, weź zapas przekąsek.","Pełne słońce. Rozległy, otwarty teren starożytnego miasta, niemal całkowicie pozbawiony drzew i cienia.","Średni - Dzieci: Krótki dojazd (35 min) zapobiega zmęczeniu. Otwarty, rozległy teren pozwala na rozładowanie energii poprzez ruch, ale brak cienia i upał mogą wywołać meltdown w godzinach południowych. Rodzice: Niski stres finansowy (20 EUR) i mała liczba turystów dają komfort psychiczny i brak lęku przed oceną społeczną.","Brak tłumów pozwala dzieciom z ADHD na bezpieczne bieganie i krzyczenie. Wykorzystajcie starożytny teatr do zabawy dźwiękiem (akustyka teatru) jako rozładowanie emocji. Zwiedzajcie wyłącznie rano lub późnym popołudniem z nakryciem głowy, gdyż teren jest bardzo nasłoneczniony.","Imponujące stanowisko archeologiczne na płaskowyżu nad Zatoką Souda, łączące ślady rzymskich cystern o niesamowitej akustyce, bizantyjski klasztor, osmański fort i teatr z widokiem na zatokę.","1. Stań na środku starożytnego teatru i wypowiedz szeptem swoje imię – sprawdź, czy usłyszysz echo. 2. Policz, ile kroków ma gigantyczna rzymska cysterna na wodę. 3. Znajdź kamień z wyrytą starożytną literą lub symbolem.",0
8,Ancient Lappa,Ancient Lappa,Argyroupoli 740 07,Must have,"35.28682, 24.33475",1 godz. 10 min,1 godzina,0 EUR (wstęp wolny do wioski i ruin),brak ograniczeń,Brak.,"Łatwe - Spokojna, historyczna wioska, dużo natury, brak tłumów i pośpiechu.",Pełne słońce / Półcień. Spacer uliczkami dawnego miasta – cień dają mury budynków i drzewa w zależności od pory dnia.,"Niski - Dzieci: Spokojna atmosfera dawnej, cichej wioski bez tłumów i pośpiechu sprzyja wyciszeniu zmysłów. Rodzice: Całkowity brak kosztów (0 EUR) i elastyczny czas zwiedzania eliminują pośpiech, dając neuroatypowym rodzicom pełen relaks.","Zwiedzajcie w powolnym tempie, dając dzieciom swobodę eksploracji starożytnych uliczek. Połączcie spacer z wizytą przy chłodnych wodospadach i obiedzie w Argyroupoli, co pozwoli na natychmiastowe zresetowanie układu nerwowego w razie marudzenia.","Historyczna górka i dawna część starożytnego rzymskiego miasta Lappa w Argyroupoli, kryjąca ślady rzymskich mozaik, wiekowe gigantyczne drzewa oliwne i urokliwą architekturę.","1. Znajdź najstarsze, gigantyczne drzewo oliwne w wiosce i spróbuj je objąć wraz z rodzicami (policz, ile osób jest potrzebnych). 2. Odszukaj starożytne rzymskie mozaiki ukryte między domami. 3. Znajdź tradycyjne, kamienne koryto na wodę.",0
9,Arevitis Farm,Arevitis Farm,"Meskla, Chania 730 05",Must have,"35.40530, 23.92120",50 min,2 - 3 godziny,0 EUR wstęp (opcjonalny ekologiczny obiad/degustacja z produktów farmy ok. 40-50 EUR dla rodziny 2+2),otwarte zazwyczaj popołudniu/wieczorem,Zalecany kontakt lub rezerwacja przed planowaną wizytą.,"Średnie - Farma ze zwierzętami i warsztatami. Kontakt ze zwierzętami jest świetny dla dzieci AuDHD, ale zorganizowane zajęcia wymagają skupienia i czekania na swoją kolej. Wskazówki: Uprzedź dziecko o planie zajęć, przygotuj na hałas zwierząt gospodarskich.","Półcień. Teren gospodarstwa i ogrodu, sporo zacienionych miejsc pod drzewami.","Średni - Dzieci: Dojazd (50 min) jest akceptowalny. Bliskość zwierząt gospodarskich to świetna, regulująca kotwica uwagi, jednak zorganizowane zajęcia i czekanie na swoją kolej mogą frustrować dziecko z ADHD. Rodzice: Brak opłat na wejściu (0 EUR) redukuje stres, a agroturystyczny klimat sprzyja wyciszeniu.","Zwierzaki w gospodarstwie agroturystycznym działają niesamowicie terapeutycznie i kojąco, jednak uprzedźcie dzieci o hałasie i zapachach wsi. Pozwólcie im na niespieszny kontakt ze zwierzętami, bez presji czasu czy sztywnych ram zajęć.","Ekologiczne gospodarstwo agroturystyczne w rejonie Chanii, oferujące bliski kontakt ze zwierzętami, naturalne warsztaty i tradycyjne kreteńskie posiłki z własnych ekologicznych upraw.","1. Policz kozy i owce w zagrodzie, a potem spróbuj naśladować ich dźwięki. 2. Dowiedz się, jak ma na imię najmłodsze zwierzątko na farmie. 3. Pomóż rodzicom zebrać świeże zioła lub oliwki do koszyka.",0
10,Kastelli archaeological site,Kastelli Archaeological Site,"Wzgórze Kasteli, Chania 731 32",Must have,"35.51731, 24.01948",25 min,30 - 60 min,0 EUR (wstęp wolny na punkt widokowy i wzgórze),8:30 - 15:30 (wtorki zamknięte),Brak.,"Średnie - Otwarte stanowisko archeologiczne, brak tłumów, ale mało cienia i mało interaktywnych elementów.","Pełne słońce. Odkryty wykop archeologiczny w centrum miasteczka, brak osłony przed słońcem.",Niski - Dzieci: Wizyta jest krótka (30-60 min) i nie wymaga długiego skupienia ani stania w kolejkach na otwartym terenie. Rodzice: Położenie w sercu Chanii i zerowy koszt (0 EUR) ułatwiają natychmiastową ewakuację do restauracji lub powrót do auta w razie gorszego humoru dzieci.,"Szybka, 15-30 minutowa wizyta na wzgórzu w Chanii. W razie braku zainteresowania lub narastającej frustracji słońcem, natychmiast zejdźcie do jednej z klimatyzowanych lodziarni lub kawiarni w Starym Porcie tuż obok wykopu.","Stanowisko archeologiczne w samym sercu Starego Miasta w Chanii na wzgórzu Kastelli, odsłaniające wielowarstwowe ślady starożytnej Kydonii oraz minojskiej cywilizacji.","1. Wypatrz głębokie wykopy archeologiczne i wyobraź sobie, że jesteś detektywem poszukującym skarbów. 2. Spójrz na okoliczne wzgórza i znajdź najwyższy punkt widoczny na horyzoncie. 3. Narysuj patykiem na ziemi swój własny mityczny znak.",0
11,Pałac Minojski w Fajstos,Minoan Palace of Phaistos,"Minoan Palace of Phaistos, Phaistos 702 00",Nice to have,"35.05139, 24.81417",2 godz. 30 min,1 - 1.5 godziny,"30 EUR (dorośli: 2x15 EUR, dzieci 5 i 7 lat: bezpłatnie)",8:00 - 19:30 (10-15.09) / 8:00 - 19:00 (16-24.09),Brak (kameralne i zazwyczaj niezatłoczone stanowisko archeologiczne).,"Średnie - Mniej zatłoczone niż Knossos, co redukuje przemęczenie hałasem i nadmiarem wrażeń społeczne. Jednak nadal jest to otwarty, gorący teren z ruinami bez cienia. Wskazówki: Zaplanuj wizytę późnym popołudniem, zabierz dużo wody, zamień zwiedzanie w aktywną grę terenową.",Pełne słońce. Wzgórze ze stanowiskiem archeologicznym jest całkowicie odsłonięte i nasłonecznione. Brak cienia.,Wysoki - Dzieci: Ponad 2.5 godziny w samochodzie w jedną stronę to ogromne obciążenie ruchowe. Chodzenie w pełnym słońcu po ruinach bez cienia potęguje zmęczenie fizyczne. Rodzice: Skrajne zmęczenie wielogodzinną jazdą i presja kosztów (30 EUR) przy jednoczesnym braku cienia drastycznie obniżają zasoby cierpliwości rodziców.,"Podobnie jak w Knossos – dzieci wchodzą bezpłatnie, więc nie ma presji czasu ani straty finansowej przy nagłym wyjściu. Wybierzcie wizytę późnym popołudniem (np. o 17:30-18:00), gdy słońce jest nisko, a tłumy zniknęły. Zamieńcie ruiny w labirynt poszukiwaczy skarbów.","Drugi co do wielkości pałac minojski na Krecie, położony na wzgórzu z niesamowitym widokiem na równinę Messara, znany z odkrycia słynnego i wciąż nieodszyfrowanego Dysku z Fajstos.","1. Porównaj te ruiny z Knossos i znajdź 3 różnice (podpowiedź: brak kolorowych kolumn!). 2. Spójrz na olbrzymią równinę Messara i spróbuj dostrzec góry w oddali. 3. Policz szerokie, kamienne stopnie prowadzące do dawnego wejścia do pałacu.",0
12,Ntounias,Ntounias Traditional Gastronomy Center,"Drakona, Chania 730 02",Nice to have,"35.40348, 23.95383",55 min,2 - 3 godziny (powolna biesiada),0 EUR wstęp (kultowy obiad slow-food z pieca glinianego ok. 55-65 EUR dla rodziny 2+2),12:00 - 21:00,"W sezonie letnim rekomendowana wcześniejsza rezerwacja stolika, zwłaszcza na obiad lub kolację w weekendy.","Średnie - Tawerna na odludziu z wolnym tempem serwowania potraw (wszystko wolno gotowane). Długie czekanie na jedzenie może wywołać niepokój u dziecka z ADHD. Wskazówki: Przed posiłkiem pozwól dzieciom wybiegać się w otoczeniu tawerny i obejrzeć kozy/góry, zabierz ze sobą kolorowanki lub gry podróżne na czas oczekiwania na dania.","Półcień / Cień. Stoliki tawerny usytuowane są pod rozłożystymi drzewami, dającymi naturalną ochronę i głęboki cień.","Średni do Wysoki - Dzieci: Dojazd (1h) jest umiarkowany, a otoczenie natury i zwierząt na farmie sprzyja wyciszeniu. Jednak bardzo długi czas oczekiwania na wolno gotowane potrawy może doprowadzić do głodowego meltdownu u dziecka z ADHD. Rodzice: Brak presji kosztu wstępu, ale zmęczenie zarządzaniem niecierpliwymi dziećmi przy stoliku w oczekiwaniu na jedzenie może być wyzwaniem.","Z powodu bardzo długiego czasu oczekiwania na wolno gotowane potrawy, koniecznie podajcie dzieciom małe przekąski i napój zaraz po przyjeździe na miejsce, by uniknąć meltdownu głodowego. Przed posiłkiem pozwólcie im swobodnie biegać wokół tawerny i oglądać kozy górskie.","Słynna ekologiczna tawerna i gospodarstwo w Drakonie, gdzie wszystkie potrawy przygotowywane są z miłością w glinianych garnkach na tradycyjnych piecach opalanych drewnem z własnych składników.","1. Wypatrz wielkie glinianych garnki stojące na tradycyjnych piecach opalanych drewnem. 2. Znajdź kozę lub osiołka pasącego się w pobliżu tawerny. 3. Podczas czekania na jedzenie, narysuj w swoim notesie to, co widzisz wokół (góry, ogniska).",0
13,Sarakina Meskla Gorge,Sarakina Meskla Gorge,"Meskla, Chania 730 05",Nice to have,"35.40325, 23.95758",55 min,1 godzina (pętla),0 EUR (wstęp wolny do wąwozu),brak ograniczeń,Brak.,"Łatwe - Krótki, spektakularny wąwóz. Chodzenie po kładkach i formacjach skalnych jest niesamowicie angażujące i ekscytujące fizycznie, a trasa jest na tyle krótka, że dziecko nie zdąży się znudzić.","Cień / Półcień. Wąskie dno wąwozu Meskla ze stromymi, bliskimi siebie skałami zapewnia stały, przyjemny cień przez większość dnia.","Niski - Dzieci: Krótka, niezwykle ekscytująca trasa po drewnianych kładkach i mostkach (ok. 1h) działa jak fascynujący plac zabaw i nie pozwala na nudę. Naturalny cień i chłód zapobiegają przegrzaniu. Rodzice: Brak opłat (0 EUR), krótki dojazd (55 min) i wysoka atrakcyjność wizualna dają 100% radości przy zerowym stresie.",Fizyczna wspinaczka po bezpiecznych kładkach i formacjach skalnych jest niesamowicie angażująca i działa jako świetny sposób na wyładowanie energii dla dzieci z ADHD. Krótki czas pętli zapobiega znużeniu. Po spacerze odpocznijcie w zacienionej tawernie Halaris przy wejściu.,"Krótki, spektakularny i niezwykle zielony wąwóz pod Mesklą, który dzięki wilgoci, bujnej roślinności, wiszącym skałom i kładkom przypomina krajobrazy zielonej Madery.","1. Przejdź bezpiecznie po drewnianych kładkach, starając się nie dotknąć ziemi (gra 'podłoga to lawa'). 2. Dotknij chłodnych, gładkich ścian wąwozu i opisz, jak się czujesz. 3. Znajdź miejsce, gdzie ściany wąwozu są tak blisko siebie, że możesz dotknąć obu rąk naraz.",0
14,Forteca Spinalonga,Spinalonga Fortress,"Spinalonga, Elounda 720 53",Nice to have,"35.29744, 25.73808",3 godz. 15 min,1.5 - 2.5 godziny,"40 EUR (wejście dorośli: 2x20 EUR, dzieci bezpłatnie) + rejs łódką ok. 30 EUR (2x10 EUR dorośli, 2x5 EUR dzieci)",8:30 - 18:00 (codziennie),"Brak (rekomendowany zakup biletów online w sezonie, by pominąć kolejkę po przybyciu na wyspę).","Trudne - Wyspa-forteca z dramatyczną historią. Wymaga rejsu statkiem, chodzenia po kamiennych ścieżkach w pełnym słońcu bez cienia i trzymania się grupy/ścieżki. Wskazówki: Zwiedzaj rano lub późnym popołudniem, zabierz parasol przeciwsłoneczny chroniący przed słońcem, zamień zwiedzanie w misję odkrywców (np. rysowanie mapy wyspy w notesie).",Pełne słońce. Skalista wysepka z fortecą jest całkowicie pozbawiona drzew i cienia. Bardzo silne nasłonecznienie.,"Ekstremalny - Dzieci: Ponad 3 godziny w aucie, potem przesiadka na łódkę i zwiedzanie skalistej wyspy w pełnym słońcu bez cienia i bez opcji natychmiastowej ewakuacji to ekstremalny test sensoryczny. Rodzice: Wycieńczenie jazdą, wysoki koszt łączny (ok. 70 EUR dla rodziny) oraz uwięzienie na wyspie przy braku cienia to gotowy przepis na meltdown całej rodziny.",Ekstremalny test sensoryczny. Słuchawki wygłuszające na łódkę (hałas silnika). Używajcie parasola słonecznego jako mobilnego cienia podczas spaceru po wyspie. Nie trzymajcie się grup turystycznych. W razie buntu zróbcie przerwę w ustronnym miejscu lub skróćcie rejs i wróćcie do bazy Plaka.,"Skalista wysepka z potężną wenecką fortecą obronną, która w latach 1903–1957 służyła jako ostatnia aktywna kolonia trędowatych w Europie, kryjąca niezwykłe ludzkie historie.","1. Wejdź na wyspę przez ciemny tunel wejściowy (Dante's Gate) i wyobraź sobie, że wkraczasz do tajemnego zamku. 2. Odszukaj mały, opuszczony domek z kolorowymi okiennicami. 3. Policz, ile armat lub otworów strzelniczych w murach obronnych uda Ci się wypatrzyć.",0
15,Starożytne Lato,Ancient Lato,"Ancient Lato, Kritsa 721 00",Nice to have,"35.17889, 25.65583",2 godz. 30 min,1 - 1.5 godziny,"10 EUR (dorośli: 2x5 EUR, dzieci 5 i 7 lat: bezpłatnie)",8:30 - 15:30 (wtorki zamknięte),"Brak (bilety kupuje się na miejscu bez kolejki, nie ma potrzeby wcześniejszej rezerwacji).","Trudne - Stanowisko położone na stromym wzgórzu z dużą liczbą schodów i nierównym terenem skalnym. Pełne słońce i wysoka temperatura mogą szybko zmęczyć dzieci. Wskazówki: Zamień wspinaczkę w misję odkrywców, rób częste przerwy na picie wody, załóż dzieciom stabilne buty sportowe, unikaj zwiedzania w godzinach południowych.","Pełne słońce. Brak naturalnego cienia na terenie ruin miasta. Konieczne nakrycie głowy, krem z filtrem UV oraz zapas wody.",Wysoki - Dzieci: Bardzo długi dojazd (2.5 h) połączony ze stromym podejściem pod górę w pełnym słońcu bez cienia może wywołać szybki bunt i meltdown fizyczny. Rodzice: Zmęczenie za kółkiem oraz brak zaplecza gastronomicznego na miejscu zwiększają niepokój logistyczny przy relatywnie niskim koszcie (10 EUR).,"Kameralne, puste ruiny pozwalają na swobodne bieganie. Załóżcie dzieciom stabilne, sportowe buty na strome, skalne ścieżki. W razie dysregulacji spowodowanej upałem, zrezygnujcie z wchodzenia na najwyższy punkt i przejdźcie do tradycyjnej tawerny w zacienionej wiosce Kritsa obok.","Jedno z najlepiej zachowanych miast-państw z okresu klasycznego i hellenistycznego w Grecji, malowniczo położone na wzgórzu z widokiem na Zatokę Mirabello. Zachowały się tu ruiny agory, świątyń, teatru oraz prytanejonu.","1. Policz, ile stopni prowadzi na szczyt starożytnej agory (rynku). 2. Znajdź wielki, wykuty w skale zbiornik (cysternę) na deszczówkę i spróbuj usłyszeć w nim swoje echo. 3. Odszukaj ruiny prytanejonu (starożytnego ratusza) i wyobraź sobie, gdzie płonął wieczny ogień.",0
18,Kisamos,Kissamos,Kissamos 734 00,Other,"35.49528, 23.65472",1 godz.,1 - 3 godziny,0 EUR wstęp (kawa/lody na promenadzie ok. 10-15 EUR dla rodziny),brak ograniczeń,Brak.,"Łatwe - Miasteczko portowe z otwartą przestrzenią, łatwy dostęp do jedzenia i lodów, brak barier architektonicznych i swobodna atmosfera.","Pełne słońce / Półcień. Otwarta przestrzeń miasteczka i portu, ale kawiarnie i tawerny oferują zacienione tarasy i markizy.","Niski - Dzieci: Łatwy dojazd (1h) drogą szybkiego ruchu. Swobodne miasteczko, łatwy dostęp do lodów i brak rygorystycznych zasad sprzyjają swobodnemu zachowaniu. Rodzice: Brak kosztów (0 EUR) i pełna elastyczność czasowa pozwalają na bezstresowe spędzenie czasu.",Swobodna wizyta bez barier architektonicznych i presji czasu. W razie zmęczenia lub głodu natychmiast usiądźcie w klimatyzowanej kawiarni przy porcie na lody. Pozwólcie dzieciom spacerować brzegiem portu pod Waszą opieką.,"Klimatyczne miasteczko portowe na zachodzie Krety, będące główną bazą wypadową dla rejsów na Balos, oferujące tawerny rybne, kawiarnie i tradycyjną atmosferę siga-siga.","1. Spacerując promenadą, znajdź statek cumujący w porcie i zgadnij, dokąd płynie. 2. Kup tradycyjny kreteński lód i spróbuj nazwać jego smak. 3. Znajdź rzeźbę lub kotwicę morską przy porcie.",0
19,Jaskinia Zeusa,Cave of Zeus,"Cave of Zeus, Psychro 720 52",Other,"35.16301, 25.49811",3 godz. 20 min,1 - 1.5 godziny,"12 EUR (dorośli: 2x6 EUR, dzieci 5 i 7 lat: bezpłatnie) + parking ok. 2-3 EUR",8:00 - 18:00 (sezon letni),Brak (bilety kupuje się w kasie przy wejściu do jaskini).,"Trudne - Bardzo strome podejście pod górę (20-30 min), wewnątrz jaskini jest ciemno, wilgotno, ślisko i obowiązuje ruch jednokierunkowy po wąskich schodach w tłumie (brak możliwości szybkiego wyjścia). Wysokie ryzyko lęku i przemęczenie hałasem i nadmiarem wrażeń. Wskazówki: Przyjdź dokładnie na otwarcie jaskini (8:00), wyposaż dzieci w ich własne małe latarki/czołówki (daje to poczucie kontroli i zamienia wejście w przygodę), uprzedź o nagłej zmianie temperatury i wilgotności.","Cień (Wewnątrz). Całkowity brak słońca, wewnątrz jaskini panuje stały, wręcz orzeźwiający chłód (warto zabrać lekką bluzę).","Ekstremalny - Dzieci: Ponad 3.5 h w aucie, potem bardzo strome podejście pod górę, a wewnątrz ciemność, zimno, wilgoć i ciasny tłum na wąskich schodach – potężne ryzyko ataku paniki lub meltdownu sensorycznego. Rodzice: Ekstremalne wycieńczenie prowadzeniem auta, stres finansowy (12 EUR wstęp, ale długa droga) i lęk o bezpieczeństwo dzieci na śliskich schodach w tłumie gwałtownie wyczerpują zasoby cierpliwości.","Wejdźcie dokładnie na otwarcie (8:30) lub przed falami autokarów. Wyposażcie dzieci w ich własne, małe latarki czołówki – posiadanie własnego światła daje dziecku AuDHD poczucie kontroli i zamienia lęk w ekscytującą misję badawczą. Uprzedźcie o nagłym spadku temperatury.","Legendarna jaskinia Diktejska położona na wysokości 1050 m n.p.m. w dolinie Lasithi, uznawana w mitologii greckiej za mityczne miejsce narodzin najpotężniejszego z bogów – Zeusa.","1. Użyj swojej latarki czołówki, aby oświetlić najciemniejsze zakamarki jaskini (szukaj nietoperzy!). 2. Znajdź stalaktyt (wiszący z góry) i stalagmit (rosnący z dołu), które prawie się łączą. 3. Wrzuć monetę do podziemnego jeziora i wypowiedz w myślach życzenie do króla bogów – Zeusa.",0
21,Agios Antonios,Agios Antonios Gorge,Patsos 740 61,Other,"35.24430, 24.56847",1 godz. 30 min,1 - 2 godziny,0 EUR (wstęp wolny do wąwozu i kapliczki),brak ograniczeń,Brak.,"Średnie - Wąwóz i urocze wejście, ale wymaga uważnego chodzenia po nierównym terenie. Mało bodźców negatywnych, dużo natury.","Cień / Półcień. Wąwóz św. Antoniego (Agios Antonios) jest gęsto zalesiony i osłonięty skałami, co zapewnia zbawienny cień podczas wędrówki.","Średni - Dzieci: Dojazd (1.5 h) wymaga przekąsek w aucie. Piękny, zacieniony wąwóz z jaskinią i kapliczką jest sensorycznie wyciszający, pod warunkiem uważnego chodzenia po kamieniach. Rodzice: Brak kosztów (0 EUR), a urocza tawerna przy wejściu daje poczucie bezpieczeństwa i możliwość zjedzenia spokojnego lunchu w cieniu.","Trasa jest osłonięta i pełna natury, ale wymaga uważnego stąpania po kamieniach. Róbcie przerwy w cieniu skał. Po zwiedzeniu wejdźcie na wyciszający odpoczynek do klimatycznej, tradycyjnej tawerny ukrytej pod platanami tuż przy wejściu do wąwozu.","Gęsto zalesiony, zacieniony wąwóz Patsos z kapliczką św. Antoniego ukrytą bezpośrednio wewnątrz wielkiej groty skalnej oraz orzeźwiającym, czystym górskim potokiem.",1. Odszukaj mały kościółek ukryty bezpośrednio wewnątrz wielkiej groty skalnej. 2. Przepłyń dłonią przez chłodny górski potok płynący dnem wąwozu. 3. Wsłuchaj się w śpiew ptaków w koronach drzew i spróbuj naśladować jednego z nich.,0
22,Wyjście Z Wąwozu Imbros,Exit of Imbros Gorge,Komitades 730 11,Other,"35.20436, 24.16912",1 godz. 30 min,2 - 3 godziny (czas przejścia wąwozu),"6 EUR (dorośli: 2x3 EUR, dzieci pod opieką bezpłatnie)",brak ograniczeń (wąwóz płatny zazwyczaj 8:00 - 16:00),Brak (bilet kupuje się na miejscu; opcjonalnie taksówkę powrotną można uzgodnić na miejscu).,"Średnie - Przejście wąwozu zajmuje 2-3 godziny po luźnych kamieniach. Może być nużące dla dziecka z ADHD i męczące dla 5-latka. Wskazówki: Podziel trasę na małe cele (np. 'dochodzimy do tamtego drzewa i jemy żelka'), urozmaicaj drogę opowieściami lub grami słownymi, zadbaj o stabilne obuwie.","Półcień. Trasa biegnie dnem wąwozu, gdzie wysokie, pionowe ściany skalne oraz drzewa dają okresowy, naturalny cień.","Wysoki - Dzieci: Długa podróż (1.5 h) i 3-godzinny marsz po luźnych, śliskich kamieniach mogą szybko znudzić i fizycznie wyczerpać dzieci, prowadząc do buntu i odmowy dalszej drogi. Rodzice: Niski koszt (6 EUR), ale obawa o kontuzje dzieci i brak możliwości skrócenia szlaku w połowie drogi generują wysoki poziom stresu logistycznego.","Podzielcie 8-kilometrową trasę na malutkie, interaktywne etapy z natychmiastową nagrodą (np. 'dochodzimy do tamtego śmiesznego drzewa i jemy żelka/krakersa'). Urozmaicajcie wędrówkę grami słownymi i historiami. Zapewnijcie wygodne buty i upewnijcie się, że macie wodę.","Komitades – urokliwa wieś u wylotu malowniczego, 8-kilometrowego wąwozu Imbros, będącego łatwiejszą i bardzo przyjazną dla rodzin alternatywą dla wąwozu Samaria.","1. Policz, ile razy ścieżka wąwozu staje się tak wąska, że możesz dotknąć obu skalnych ścian naraz. 2. Znajdź naturalny kamienny łuk skalny (bramę) i przejdź pod nim z podniesionymi rękami. 3. Po wyjściu w Komitades, nagródź się pysznym sokiem i zjedz tradycyjną Sfakiani Pitę.",0
23,Grotte marine de Koutalas,Koutalas Marine Cave,Kokkino Chorio 730 08,Other,"35.45265, 24.23842",55 min,1 - 2 godziny,0 EUR (wstęp wolny do jaskini morskiej),brak ograniczeń,Brak.,"Średnie - Dzika, kamienista zatoczka. Wymaga dużej uważności przy schodzeniu po skałach. Brak jakiejkolwiek infrastruktury i cienia. Wskazówki: Zabierz własny namiot/parasol przeciwsłoneczny, zapas wody i jedzenia, buty do wody.","Pełne słońce / Cień. Sama dzika plaża w zatoce i dojście są nasłonecznione, ale mała jaskinia morska daje schronienie i całkowity cień.","Średni - Dzieci: Dojazd (55 min) jest umiarkowany. Dzika, pusta zatoczka to świetna, cicha przestrzeń, ale strome zejście po skałach i kompletny brak infrastruktury wymagają czujności. Rodzice: Brak kosztów (0 EUR), ale konieczność wcześniejszego spakowania pełnego prowiantu i ciągłego pilnowania dzieci na skałach generują średni poziom napięcia.","Zadbajcie o maksymalną uważność na śliskich skałach przy schodzeniu do wody. Rzucanie kamykami do morza w cichej, ustronnej zatoczce to świetne, powtarzalne ćwiczenie regulujące sensorycznie. Zabierzcie własny mały namiot plażowy i pełen prowiant.","Dzika, kamienista zatoczka i jaskinia morska na półwyspie Apokoronas, oferująca nieskażoną przyrodę, krystaliczną wodę idealną do snorkelingu i całkowity spokój z dala od tłumów.","1. Wypatruj ukrytych wejść do jaskiń morskich tuż przy brzegu. 2. Znajdź najbardziej kolorowy kamyczek na dzikiej plaży. 3. Posłuchaj, jak fali uderzają o skały wewnątrz jaskini (porównaj to z dźwiękiem muszli przy uchu).",0
24,Acropolis of Polirrinia,Acropolis of Polirrinia,Polyrrinia 734 00,Other,"35.45722, 23.68417",1 godz. 10 min,1.5 - 2 godziny,0 EUR (wstęp wolny na akropol),brak ograniczeń,Brak.,"Średnie - Spokojne ruiny na wzgórzu, brak tłumów. Wymaga krótkiego podejścia pod górę, ale na szczycie jest bezpieczna przestrzeń do biegania.","Pełne słońce. Ruiny akropolu znajdują się na odsłoniętym wzgórzu z pięknym widokiem, bez żadnej ochrony przed słońcem.","Średni - Dzieci: Dojazd (1h 10 min) jest umiarkowany. Ruiny na wzgórzu są puste i ciche (mało bodźców), ale strome podejście w słońcu może zmęczyć. Rodzice: Brak kosztów (0 EUR) i brak tłumów sprzyjają relaksowi, choć brak barierek ochronnych na szczycie wymaga stałej uwagi rodziców.",Niski poziom tłumów redukuje stres społeczny. Pozwólcie dzieciom na swobodne wchodzenie na wzgórze w ich własnym tempie. Zaplanujcie piknik sensoryczny na szczycie w cieniu starożytnych murów obronnych z pięknym widokiem na zatokę.,"Starożytny akropol położony na malowniczym wzgórzu nad wioską Polirrinia, oferujący rzymskie grobowce wykute w skałach i spektakularną panoramę na zatokę Kissamos.",1. Wspinaj się na wzgórze jak starożytny strażnik i wypatruj mitycznych wrogów na horyzoncie. 2. Znajdź rzymskie grobowce wykute bezpośrednio w skale. 3. Dotrzyj do samego szczytu z flagą i zrób tam zwycięski okrzyk.,0
25,Muzeum i Stanowisko Eleutherna,Eleutherna Archaeological Museum,"Archeologiki Site Eleftherna, Eleftherna 740 52",Other,"35.32417, 24.67667",1 godz. 30 min,1 - 2 godziny,"20 EUR (dorośli: 2x10 EUR, dzieci bezpłatnie)",10:00 - 18:00 (wtorki zamknięte),Brak.,"Trudne - Kolejne tradycyjne muzeum wymagające spokoju i ciszy, oddalone od głównych tras. Wskazówki: Zaplanuj bardzo krótką wizytę (do 30 min), skup się tylko na najciekawszych eksponatach (np. biżuterii, dawnej broni).","Cień (Wewnątrz). Nowoczesny, klimatyzowany budynek muzeum zapewnia doskonałą ochronę przed słońcem.","Wysoki - Dzieci: Dojazd (1.5 h) buduje napięcie. Tradycyjna, zamknięta i cicha przestrzeń muzealna z zakazem dotykania obiektów szybko frustruje ruchliwe dzieci. Rodzice: Zmęczenie trasą i presja kosztów (20 EUR) w połączeniu ze społecznym naciskiem na zachowanie ciszy w muzeum drastycznie podnoszą poziom stresu.","Ograniczcie wizytę w nowoczesnym, cichym muzeum do 20-30 minut. Użyjcie słuchawek wygłuszających, aby wyeliminować irytujący pogłos (echo). Po wizycie pojedźcie do pobliskiej wioski Margarites, gdzie dzieci mogą biegać i obserwować gliniane warsztaty garncarskie.","Nowoczesne muzeum archeologiczne, będące pierwszym muzeum na stanowisku badawczym na Krecie, prezentujące sekrety antycznego miasta i jego powiązania z eposami Homera.",1. Odszukaj tarczę wojownika z brązu i dotknij jej nowoczesnej kopii stworzonej specjalnie do poznawania dotykiem. 2. Znajdź w gablotach starożytne zabawki dziecięce i porównaj je ze swoimi zabawkami. 3. Spróbuj odnaleźć złote ozdoby w kształcie miniaturowych owadów lub kwiatów.,0
26,Monastyr Agia Triada Tzagaroli,Holy Trinity Tzagaroli Monastery,"Akrotiri, Chania 731 00",Other,"35.56075, 24.13508",15 min,1 - 1.5 godziny,"4 EUR (dorośli: 2x2 EUR, dzieci bezpłatnie)",od wschodu do zachodu słońca,Brak.,"Średnie - Klasztor wymaga wyciszenia, odpowiedniego ubioru i spokojnego zachowania. Jednak piękne ogrody i dziedzińce działają bardzo kojąco sensorycznie. Wskazówki: Przed wejściem wyjaśnij dzieciom zasadę 'mówimy szeptem', zachęć do wąchania kwiatów w ogrodzie.","Półcień / Cień. Przepiękny, zadbany dziedziniec klasztorny oferuje zacienione arkady, a wnętrze zabytkowej cerkwi daje przyjemny chłód i cień.","Średni - Dzieci: Bardzo blisko bazy (15 min). Piękne ogrody z kotami działają kojąco, ale wymóg ciszy i odpowiedniego ubioru w klasztorze ogranicza spontaniczność dziecka z ADHD. Rodzice: Niski koszt (4 EUR), minimalna jazda i bardzo ułatwiona, szybka ewakuacja dają rodzicom duże poczucie kontroli.","Przejażdżka urokliwym klasztorem wymaga wyciszenia, ale tutejsze ogrody i dziedziniec z kotami działają kojąco na dzieci AuDHD. Krótki dojazd (15 min) ułatwia powrót. W razie trudności z zachowaniem ciszy w świątyni, spędźcie czas na zewnątrz na pięknym, zacienionym dziedzińcu.","XVII-wieczny wenecko-byzantyjski monastyr na półwyspie Akrotiri, słynący z zachwycającej architektury, spokojnych dziedzińców ogrodowych oraz produkcji ekologicznego wina i oliwy.",1. Przejdź przez zielony labirynt cyprysów i oliwek w przyklasztornym ogrodzie. 2. Policz wszystkie koty leniwie wygrzewające się na klasztornym dziedzińcu. 3. Znajdź starożytne dzwony zawieszone wysoko na wieży.,0
27,The Little Fun Train - Agioi Apostoloi,The Little Fun Train - Agioi Apostoloi,"Agioi Apostoloi, Chania 731 00",Activity,"35.51178, 23.98189",30 min,1 - 1.5 godziny (czas przejażdżki),"ok. 50-64 EUR (przejażdżka ciuchcią: dorośli ok. 15-20 EUR, dzieci ok. 10-12 EUR)",według rozkładu (zazwyczaj 9:00 - 18:00 w sezonie),"Zalecany zakup biletów online z wyprzedzeniem w sezonie letnim, aby zagwarantować sobie miejsce.","Średnie - Jazda pociągiem turystycznym jest bardzo atrakcyjna i sensorycznie ciekawa (ruch, wiatr, widoki), jednak wymaga dłuższego siedzenia w jednym miejscu (ok. 1-2h) i czekania na odjazd. Wskazówki: Zabierz drobne zabawki sensoryczne (fidgety) do rąk na czas jazdy, uprzedź dziecko o trasie i czasie jej trwania.","Półcień. Wagoniki kolejki turystycznej posiadają zadaszenie chroniące przed słońcem, jednak boki są otwarte.","Średni - Dzieci: Przejażdżka pociągiem jest bardzo atrakcyjna sensorycznie, ale konieczność dłuższego siedzenia w jednym miejscu (ok. 1.5 h) może wywołać niepokój ruchowy u dziecka z ADHD. Rodzice: Dość wysoki koszt (ok. 50-64 EUR) stwarza presję, by dzieci 'dobrze się bawiły' i nie marudziły podczas jazdy.","Jazda pociągiem jest bardzo atrakcyjna i dostarcza dzieciom świetnych bodźców przedsionkowych (ruch, pęd powietrza). Przygotujcie małe zabawki sensoryczne (fidgety) do rąk na czas jazdy. Uprzedźcie dzieci o czasie trwania trasy i trzymajcie pod ręką wodę.","Zadaszona kolejka turystyczna oferująca atrakcyjne i bezstresowe przejażdżki po nadmorskich kurortach (Agia Marina, Platanias) i malowniczych, zielonych wioskach w rejonie Chanii.","1. Pomachaj wszystkim przechodniom, których miniecie podczas jazdy pociągiem (policz, ile osób Ci odmacha!). 2. Słuchaj uważnie dzwonka pociągu i klaśnij w dłonie za każdym razem, gdy zadzwoni. 3. Wypatruj przez okno drzew oliwnych i pomarańczowych – kto pierwszy zobaczy owoc?",0
28,Rejs łodzią półpodwodną,Semi-submarine boat trip,"Akti Tompazi, Stary Port, Chania 731 32",Activity,"35.51862, 24.01633",25 min,15 - 30 min,"ok. 70-80 EUR (rejs 35 min półpodwodną łodzią: dorośli 22-25 EUR, dzieci 12-15 EUR)",9:00 - 22:00,Rekomendowana wcześniejsza rezerwacja rejsu (łódź półpodwodna zabiera maksymalnie 12 osób).,"Średnie - Rejs łodzią półpodwodną. Ciekawe doświadczenie patrzenia przez szyby pod wodą, ale kabina jest mała, zamknięta i klimatyzowana (może wywołać lekki niepokój u dzieci z AuDHD). Wskazówki: Przygotuj dziecko wcześniej pokazując zdjęcia łodzi, w razie niepokoju wyjdźcie na pokład górny na świeże powietrze.","Półcień. Pokład górny łodzi jest nasłoneczniony, natomiast dolna, przeszklona kabina pod poziomem wody jest całkowicie zacieniona i klimatyzowana.","Średni do Wysoki - Dzieci: Krótki dojazd (25 min). Rejs półpodwodną łodzią jest fascynujący, ale ciasna, duszna kabina pod wodą i hałas silnika mogą wywołać meltdown związany z ciasną przestrzenią u dziecka AuDHD. Rodzice: Bardzo wysoki koszt (ok. 66-90 EUR) buduje ogromną presję finansową na udaną wycieczkę.","Ciekawe doświadczenie patrzenia pod wodę, ale mała, przeszklona kabina może wywołać niepokój związany z ciasną przestrzenią u dziecka AuDHD. Pokażcie dzieciom zdjęcia łodzi przed rejsu. W razie narastającego lęku lub hałasu silnika natychmiast wyjdźcie na otwarty pokład górny na świeże powietrze.","Punkt startowy rejsów łodzią półpodwodną Sea Adventures w weneckim porcie w Chanii, pozwalający obserwować dno morza, ryby i żółwie Caretta caretta przez duże szklane okna.","1. Zejdź pod pokład i spójrz przez wielkie okna – wypatruj ogromnych żółwi morskich Caretta caretta. 2. Policz, ile rybek płynie tuż za oknem naszej łodzi podwodnej. 3. Spójrz na Chanię z pokładu i znajdź słynną wenecką latarnię morską.",0
29,mill.o.petres,mill.o.petres,"Stylos, Apokoronas 730 03",Activity,"35.44192, 24.14815",35 min,1.5 - 2 godziny,0 EUR wstęp wolny (warsztaty kulinarne/mydlarskie ok. 15-25 EUR za osobę/zestaw),10:00 - 18:00,Wymagana wcześniejsza rezerwacja w przypadku chęci udziału w warsztatach wyrobu mydła lub warsztatach kulinarnych.,"Średnie - Warsztaty wymagają skupienia i precyzji, co może frustrować młodsze dzieci z ADHD. Jednak praca z zapachami i masami kosmetycznymi to świetne doświadczenie sensoryczne. Wskazówki: Pomagaj młodszemu dziecku przy trudniejszych etapach, nie naciskaj na idealne wykonanie.","Cień (Wewnątrz) / Półcień. Warsztaty odbywają się w zabytkowym, chłodnym budynku lub na zacienionym, tradycyjnym patio.","Średni - Dzieci: Dojazd (40 min) jest łatwy. Sensoryka warsztatów mydlarskich (zapachy, konsystencja) jest bardzo ciekawa, ale wymaga precyzji i cierpliwości, co może frustrować młodsze dzieci z ADHD. Rodzice: Brak opłaty za wstęp (0 EUR), kameralna atmosfera bez tłumów i przyjaźni gospodarze dają duże poczucie komfortu psychicznego.","Tradycyjne warsztaty rzemieślnicze mogą wymagać dłuższego skupienia i precyzji. Pozwólcie dzieciom badać tekstury i zapachy bazy mydlanej, olejków i ziół we własnym tempie, unikając sztywnych poleceń i pośpiechu.","Zabytkowa, rzemieślnicza oliwiarnia w wiosce Kalyves, oferująca edukacyjne zwiedzanie tradycyjnego młyna oliwnego z 1962 r. oraz kreatywne warsztaty produkcji naturalnego mydła.","1. Powąchaj różne olejki eteryczne (np. lawendowy, rozmarynowy) i wybierz swój ulubiony zapach. 2. Dotknij bazy do produkcji mydła – opisz rodzicom, czy jest gładka, twarda czy śliska. 3. Stwórz swoje własne, unikalne mydełko z płatkami kwiatów.",0
30,Maravel Garden,Maravel Garden,Spili 740 53,Shop,"35.22683, 24.50292",1 godz. 30 min,1 - 1.5 godziny,0 EUR wstęp wolny (opcjonalne zakupy ziół/herbat ok. 10-20 EUR),9:00 - 18:00,Brak (wcześniejsze zgłoszenie konieczne tylko w przypadku chęci wzięcia udziału w zorganizowanych warsztatach).,Łatwe - Ogród z ziołami i labiryntem roślin. Zapachy i tekstury roślin działają kojąco i regulująco (świetna integracja sensoryczna).,"Półcień / Cień. Ogrody ziołowe mają zacienione ścieżki i pergole, a budynek sklepu jest w pełni zacieniony.","Niski - Dzieci: Dojazd (1.5 h) jest długi, ale sensoryczny labirynt ziół, zapachów i tekstur działa niezwykle regulująco i uspokajająco na dzieci AuDHD. Rodzice: Bezpłatny wstęp (0 EUR) i głęboki spokój naturalnego ogrodu pomagają wyciszyć przemęczenie hałasem i nadmiarem wrażeń układ nerwowy rodziców.","Doskonałe miejsce na wyciszenie zmysłów. Zapachy ziół i dotykanie różnorodnych liści roślin działają niesamowicie regulująco na układ nerwowy. Przejście przez roślinny labirynt to świetna, angażująca i spokojna zabawa ruchowa dla dzieci.","Prywatny ogród sensoryczny z ziołami i labiryntem roślin w pobliżu Spili, doskonałe miejsce na integrację sensoryczną dzieci poprzez wąchanie i dotykanie ziół.","1. Przejdź się po ogrodzie ziołowym i znajdź roślinę, która pachnie jak pizza (oregano!). 2. Policz kolory kwiatów rosnących w ogrodzie – spróbuj znaleźć chociaż jeden fioletowy i jeden żółty. 3. Powąchaj naturalne mydełka w sklepie i spróbuj zgadnąć, z jakich roślin powstały.",0
31,Lappa Avocado,Lappa Avocado,Argyroupoli 740 07,Shop,"35.28723, 24.33385",1 godz. 10 min,30 min,0 EUR wstęp wolny (opcjonalne kosmetyki z awokado ok. 10-25 EUR),9:00 - 20:00 (w sezonie),Brak.,"Łatwe - Sklepik i strefa testowania kosmetyków z awokado. Szybka wizyta, miła, naturalna atmosfera.","Cień (Wewnątrz). Sklep i warsztat rzemieślniczy mieszczą się w chłodnych, zacienionych wnętrzach budynku.",Niski - Dzieci: Szybka i przyjemna wizyta sensoryczna (testowanie miękkich kremów z awokado) nie wymaga cierpliwości od dzieci z ADHD. Rodzice: Brak kosztów (0 EUR) i położenie w uroczej wiosce Argyroupoli dają elastyczność i pełen luz logistyczny.,"Szybka, bezstresowa wizyta w pachnącym awokado sklepiku. Pozwólcie dzieciom przetestować na dłoni naturalne kremy i poczuć ich konsystencję (świetna zabawa sensoryczno-dotykowa) lub napijcie się świeżej wody w cieniu.","Uroczy sklepik rzemieślniczy w Argyroupoli, specjalizujący się w produkcji i sprzedaży naturalnych, ekologicznych kosmetyków na bazie lokalnie uprawianego awokado.","1. Dotknij liścia drzewa awokado i sprawdź, czy jest miękki czy szorstki. 2. Wypróbuj naturalny krem z awokado na swojej dłoni – sprawdź, czy Twoja skóra stała się supermiękka. 3. Policz, ile różnych kosmetyków w sklepie ma na opakowaniu rysunek zielonego awokado.",0
32,Ilys Ceramics,Ilys Ceramics,"ul. Epimenidou 15, Chania 731 32",Shop,"35.51680, 24.01820",1 godz. 20 min,30 - 45 min,0 EUR wstęp wolny (ręcznie ceramika kreteńska ok. 15-30 EUR),9:00 - 20:00,Brak.,Łatwe - Pracownia ceramiczna – oglądanie procesu tworzenia naczyń jest hipnotyzujące i bardzo ciekawe wizualnie (efekt 'stymowania' wzrokowego dla AuDHD).,Cień (Wewnątrz). Warsztat ceramiczny i galeria znajdują się wewnątrz klimatyzowanego/zacienionego budynku.,Niski - Dzieci: Hipnotyzujący pokaz toczenia gliny na kole garncarskim przykuwa uwagę na długo i wycisza zmysły dzieci AuDHD. Rodzice: Brak opłat za wstęp (0 EUR) i przyjazny dla dzieci warsztat w spokojnej wiosce Margarites dają pełną swobodę bez pośpiechu.,"Oglądanie procesu toczenia gliny na kole garncarskim działa hipnotyzująco i niezwykle uspokajająco na dzieci AuDHD. Kupcie dziecku małą, tanią glinianą figurkę (gwizdek lub dzwoneczek) – to świetna zabawka sensoryczna na resztę dnia.","Kameralny, tradycyjny warsztat i galeria ceramiki artystycznej w wiosce Margarites, gdzie można podziwiać rzemieślników przy pracy na kole garncarskim.","1. Zobacz, jak garncarz toczy glinę na kole i spróbuj opisać, jak glina zmienia swój kształt. 2. Dotknij wilgotnej gliny i spróbuj ulepić z niej małą kuleczkę. 3. Znajdź w sklepie naczynie z motywem ośmiornicy lub rybki i policz jego ramiona/płetwy.",0
33,Archontakis Coffee Shop,Archontakis Coffee Shop,"ul. Mousouron 24, Chania 731 32",Shop,"35.51475, 24.01755",25 min,30 - 60 min,"0 EUR wstęp (kawa, chłodne napoje i greckie ciastka ok. 10-15 EUR)",8:00 - 21:00,Brak.,"Łatwe - Tradycyjna, przyjazna kawiarnia. Szybka wizyta na kawę/sok, swobodna atmosfera.",Cień (Wewnątrz) / Półcień. Stoliki wewnątrz kawiarni lub na zacienionym markizami tarasie.,"Niski - Dojazd (25 min). Dzieci: Szybka wizyta w kawiarni, słodki sok i swobodna atmosfera nie obciążają uwagi ruchliwego dziecka. Rodzice: Możliwość wypicia kawy w urokliwym miejscu bez presji finansowej i z łatwym wyjściem w razie dysregulacji dzieci.","Tradycyjna, rodzinna kawiarnia. Swobodna atmosfera sprawia, że marudzenie dzieci nie budzi stresu. Zamówcie chłodny, naturalny sok pomarańczowy, odpocznijcie przy stoliku w cieniu i zaplanujcie kolejny, spokojny krok.","Historyczny sklep i klimatyczna kawiarnia w centrum Chanii, kusząca intensywnym aromatem świeżo palonej kawy i dużymi workami pełnymi ziaren z całego świata.","1. Powąchaj ziarna świeżo palonej kawy i opisz, czy ten zapach jest intensywny. 2. Policz, ile dużych worków z kawą stoi na podłodze sklepu. 3. Wybierz pyszne, słodkie ciastko i spróbuj zjeść je bez używania rąk (śmieszne wyzwanie!).",0
34,Ledergasse Chania,Ledergasse Chania,"ul. Skridlof, Chania 731 32",Shop,"35.51505, 24.01830",25 min,30 - 60 min,0 EUR wstęp wolny (pamiątki/wyroby skórzane ok. 15-30 EUR),9:00 - 21:00 (w sezonie),Brak.,"Średnie - Zatłoczona ulica handlowa w Chanii. Duża liczba ludzi, hałas i bodźce wzrokowe mogą szybko zmęczyć dziecko AuDHD. Wskazówki: Zaplanuj spacer w godzinach porannych, rób przerwy w bocznych, spokojnych alejkach, użyj słuchawek wygłuszających.","Półcień / Pełne słońce. Wąskie, klimatyczne uliczki starej Chanii rzucają dużo cienia, jednak w południe słońce dociera do dna ulicy.","Wysoki - Dzieci: Krótki dojazd (25 min), ale wąska, zatłoczona ulica handlowa z ogromną ilością zapachów skór, hałasem rozmów i bodźców wzrokowych to przepis na szybkie przemęczenie hałasem i nadmiarem wrażeń dziecka AuDHD. Rodzice: Stres związany z ciągłym pilnowaniem dzieci w tłumie, by nie zgubiły się ani niczego nie uszkodziły w sklepach.","Wąska i hałaśliwa ulica handlowa może wywołać nagły kryzys sensoryczny z powodu tłumu i zapachów. Zaplanujcie spacer wyłącznie w godzinach porannych, róbcie częste przerwy w bocznych, cichych alejkach i załóżcie dziecku AuDHD słuchawki wygłuszające.","Słynna, wąska uliczka handlowa („Skórzana”) w Chanii, wypełniona rzemieślniczymi wyrobami ze skóry, od tradycyjnych sandałów po torby, tętniąca lokalnym życiem.","1. Dotknij różnych wyrobów ze skóry (np. sandałów, torebek) i poczuj ich unikalny, intensywny zapach. 2. Policz, ile sklepów z butami mijacie na tej wąskiej uliczce. 3. Znajdź skórzany breloczek w kształcie zwierzątka i nazwij to zwierzę.",0
35,Apopsi,Apopsi,"ul. Kondylaki 16, Chania 731 32",Shop,"35.51735, 24.01675",25 min,15 - 30 min,0 EUR wstęp wolny (pamiątki/rękodzieło ok. 10-20 EUR),9:00 - 22:00 (w sezonie),Brak.,"Łatwe - Mały, spokojny sklepik rzemieślniczy. Krótka wizyta.",Cień (Wewnątrz). Sklep z pamiątkami w klimatyzowanym wnętrzu.,"Niski - Krótki dojazd (25 min). Szybka, bezstresowa wizyta w małym sklepie rzemieślniczym nie obciąża dzieci, a rodzicom pozwala na spokojne zakupy bez presji czasu i kosztów.","Spokojny, mały sklepik rzemieślniczy. Krótki czas pobytu eliminuje ryzyko znudzenia. Niech dzieci wybiorą jedną małą pamiątkę, co skupi ich uwagę i da poczucie sprawczości.","Uroczy, lokalny sklepik z pamiątkami i rzemiosłem artystycznym w historycznym centrum Chanii, oferujący unikalne wyroby kreteńskie zamiast masowej produkcji.","1. Odszukaj najdziwniejszą rzeźbę lub obraz w sklepie z pamiątkami. 2. Znajdź magnes na lodówkę z rysunkiem osiołka lub Minotaura. 3. Policz, ile kolorów ma najbarwniejsza ceramika na wystawie.",0
36,Memorabilia,Memorabilia,"ul. Chalidon, Chania 731 32",Shop,"35.51650, 24.01780",25 min,15 - 30 min,0 EUR wstęp wolny (pamiątki ok. 10-20 EUR),9:00 - 22:00 (w sezonie),Brak.,"Łatwe - Mały sklepik z pamiątkami, szybkie zakupy.",Cień (Wewnątrz). Sklepik z pamiątkami w zacienionym wnętrzu kamienicy.,Niski - Krótka wizyta w małym sklepie z pamiątkami blisko portu. Brak kolejek i łatwość ewakuacji na otwartą przestręń nabrzeża dają rodzicom pełne bezpieczeństwo psychiczne.,"Szybka wizyta po pamiątki. Pozwólcie dzieciom delikatnie pooglądać drewniane lub tekstylne wyroby, co da im bezpieczny bodziec dotykowy. W razie zmęczenia wyjdźcie na otwarty plac przed sklepem.","Tradycyjny sklepik z pamiątkami w urokliwych zaułkach Chanii, oferujący rzemieślnicze drobiazgi, ceramikę, magnesy i pocztówki inspirowane Kretą.","1. Znajdź pamiątkę, która najbardziej kojarzy Ci się z morzem (np. z muszelkami lub statkiem). 2. Policz małe figurki starożytnych greckich bogów stojące na półkach. 3. Wybierz pocztówkę z najpiękniejszym widokiem i wyobraź sobie, do kogo z rodziny ją wyślesz.",0
37,Chalidon 28,Chalidon 28,"ul. Chalidon 28, Chania 731 32",Shop,"35.51598, 24.01712",25 min,15 - 30 min,0 EUR wstęp wolny (lokalne produkty/oliwa ok. 15-25 EUR),9:00 - 22:00 (w sezonie),Brak.,"Łatwe - Kolejny lokalny sklepik, brak wymagań długiego czekania.",Cień (Wewnątrz). Przestrzeń sklepowa wewnątrz budynku.,"Niski - Położenie w centrum Chanii. Krótka i dynamiczna wizyta w sklepie nie wymaga cierpliwości od dzieci, a wokół jest pełno lodziarni i kawiarni na szybką nagrodę.","Krótkie zakupy w centrum Chanii. Trzymajcie pod ręką wodę i chłodną przekąskę. W razie nagłego kryzysu zrezygnujcie ze sklepów i przejdźcie do Starego Portu, gdzie otwarta przestrzeń i widok na morze ułatwiają regulację.","Lokalny punkt handlowy przy jednej z głównych ulic Starego Miasta w Chanii, oferujący kreteńskie pamiątki, tradycyjne instrumenty muzyczne i tradycyjne wyroby.","1. Znajdź na wystawie sklepu tradycyjne, greckie instrumenty muzyczne (np. buzuki). 2. Policz, ile kroków dzieli wejście do tego sklepu od głównej ulicy. 3. Odszukaj wiszące niebieskie oko (talizman 'oko proroka') i dowiedz się, przed czym ma chronić.",0
38,Flakatoras Ceramics,Flakatoras Ceramics,"Gavalochori, Apokoronas 730 07",Shop,"35.45780, 24.20450",25 min,15 - 30 min,0 EUR wstęp wolny (ceramika tradycyjna ok. 15-30 EUR),9:00 - 22:00 (w sezonie),Brak.,"Łatwe - Sklep z ceramiką artystyczną, ciekawe kolory i faktury naczyń.",Cień (Wewnątrz). Warsztat i galeria ceramiki w chłodnym budynku.,"Niski - Przyjazny sklep z ceramiką artystyczną w Chanii. Ciekawe dla dzieci kolory i tekstury naczyń, krótki czas pobytu i łatwa ewakuacja eliminują ryzyko meltdownu.","Mały sklepik rzemieślniczy. Oglądanie kolorowych, unikalnych wyrobów z ceramiki to miły bodziec wzrokowy. Krótki czas pobytu bez kolejek chroni przed dysregulacją.","Autorska galeria i pracownia ceramiki w Chanii, prezentująca kolorowe, ręcznie malowane naczynia i rzeźby użytkowe inspirowane kreteńską florą i fauną.",1. Znajdź talerz pomalowany w tradycyjne kreteńskie wzory roślinne. 2. Policz wszystkie gliniane dzwoneczki wiszące na sznurkach przy wejściu. 3. Dotknij faktury nieszkliwionego naczynia i opisz różnicę między szorstkim a gładkim.,0
39,Dourakis Winery,Dourakis Winery,"Alikampos, Apokoronas 730 07",Shop,"35.34442, 24.22558",55 min,1.5 - 2 godziny,"0 EUR wstęp (pakiet degustacji wina z przekąskami dla dorosłych ok. 12-18 EUR/os, dorośli razem: 24-36 EUR)",10:00 - 18:00,Rekomendowana wcześniejsza rezerwacja online na degustację wina w ogrodzie.,"Średnie - Oprowadzanie po piwnicach i degustacja. Czas siedzenia przy stole podczas degustacji dorosłych może być trudny dla dzieci. Wskazówki: Wybierz stolik w ogrodzie, przynieś zabawki sensoryczne, pozwól dzieciom biegać po trawniku między stolikami.","Półcień / Cień. Kamienny dziedziniec winnicy jest zacieniony pergolami i drzewami, a piwnice leżakowe są całkowicie chłodne i ciemne.","Średni - Dzieci: Dojazd (55 min) jest łatwy. Piękny, butikowy ogród pozwala dzieciom na swobodny ruch, choć czas degustacji dorosłych przy stoliku wymaga przygotowania zabawek/kolorowanek. Rodzice: Bezpłatny wstęp (0 EUR) i niezwykle spokojne otoczenie pozwalają rodzicom na sensoryczne wyciszenie przy kieliszku wina.","Winnica oferuje ładny ogród i piwniczki, ale czas degustacji wymaga cierpliwości od dzieci. Umożliwcie dzieciom spacer po trawie i ogrodzie winnicy, dajcie im kolorowanki przy stoliku lub połączcie wizytę z obiadem w pobliskim, luźnym Maza Cafenion.","Butikowa, rodzinna winnica w Alikampos, słynąca z darmowego oprowadzania po kamiennych piwnicach i degustacji wyśmienitych win w malowniczym, zielonym ogrodzie.","1. Zejdź do chłodnej, kamiennej piwnicy i powąchaj zapach dębowych beczek, w których leżakuje wino. 2. Znajdź w ogrodzie winnicy ukrytą rzeźbę lub ładny, stary dzban. 3. Policz, ile różnych kolorów butelek z winem widzisz na wystawie.",0
40,Anoskeli Winery,Anoskeli Winery,"Anoskeli, Platanias 730 02",Shop,"35.45180, 23.77120",50 min,1.5 - 2 godziny,0 EUR wstęp (degustacja oliwy i wina z przekąskami ok. 10-15 EUR/os dla dorosłych),10:00 - 18:00,Rekomendowana wcześniejsza rezerwacja online na degustację wina/oliwy i zwiedzanie młyna.,Średnie - Wizyta w oliwiarni/degustacja. Podobnie jak w winnicach – wymaga cierpliwości podczas opowiadań. Wskazówki: Wykorzystaj rozległe ogrody oliwne na spacer i rozładowanie energii.,Cień (Wewnątrz) / Półcień. Klimatyzowana sala degustacyjna oraz zacieniony taras z widokiem na gaje oliwne.,"Średni - Dzieci: Dojazd (50 min). Podobnie jak w Dourakis – ogrody dają przestrzeń do oddechu, ale sama prezentacja i degustacja wymagają cierpliwości. Rodzice: Spokojna, rodzinna atmosfera oliwiarni bez tłumów pozwala na relaks bez lęku o ocenę zachowania dzieci.",Podobnie jak w innych winnicach – wizyta w oliwiarni wymaga cierpliwości rodziców przy opowieściach. Pozwólcie dzieciom badać sensorycznie chropowate pnie oliwek na zewnątrz i spróbować delikatnego chleba maczanego w łagodnej oliwie.,"Rodzinna posiadłość w Kolymvari łącząca świat wina i oliwy, oferująca zwiedzanie nowoczesnego młyna oraz degustację win Ano Playa i ekologicznej oliwy Tsounati.","1. Zobacz wielkie prasy do wyciskania oliwek i spróbuj zgadnąć, ile oliwek potrzeba na jedną butelkę oliwy. 2. Spróbuj zjeść chrupiącą grzankę zamoczoną w świeżej oliwie z oliwek. 3. Policz, ile rzędów drzew oliwnych rośnie wokół budynku.",0
41,Sklepik w Monastyrze Agia Triada,Holy Trinity Tzagaroli Monastery Shop,"Akrotiri, Chania 731 00",Shop,"35.56085, 24.13530",15 min,1 - 1.5 godziny,4 EUR wstęp do klasztoru (oliwa/wino tłoczone przez mnichów ok. 10-20 EUR),od wschodu do zachodu słońca,Brak.,"Średnie - Sklep klasztorny z lokalnymi produktami. Szybka wizyta, ładne otoczenie.","Cień (Wewnątrz). Sklep klasztorny mieści się w grubych, chłodnych murach monastyru.","Niski - Bardzo blisko bazy (15 min). Szybkie zakupy w pięknym klasztornym sklepie z produktami od mnichów nie wymagają od dzieci wysiłku, a piękne otoczenie sprzyja wyciszeniu.","Szybka, 15-minutowa wizyta handlowa. Kupcie ekologiczny miód lub oliwę i pozwólcie dzieciom nieść małe, bezpieczne pakunki, co da im poczucie ważnego zadania i rozładuje energię.","Klasztorny sklepik w monastyrze Agia Triada, w którym można zakupić ekologiczne produkty wytwarzane przez mnichów, w tym oliwę extra virgin, wino, ocet i miód tymiankowy.","1. Odszukaj na półkach butelkę oliwy z oliwek z etykietą klasztorną i znajdź na niej rysunek klasztoru. 2. Powąchaj naturalny miód tymiankowy produkowany przez mnichów – opisz jego zapach. 3. Policz, ile dużych glinianych amfor (pitosów) stoi przy wejściu do sklepu.",0
42,Stemfilo Winery Paterakis,Stemfilo Winery Paterakis,"Voukolies, Platanias 730 02",Shop,"35.46780, 23.83290",45 min,1.5 - 2 godziny,0 EUR wstęp (degustacja win domowych i zakupy ok. 10-20 EUR),11:00 - 19:00,Rekomendowana wcześniejsza rezerwacja online na degustację wina na tarasie widokowym.,"Średnie - Mała rodzinna winiarnia. Mniej formalna niż duże obiekty, co ułatwia swobodne zachowanie dzieci.",Cień (Wewnątrz) / Półcień. Kameralna sala degustacyjna i zacienione obejście.,"Średni - Dzieci: Dojazd (45 min) jest znośny. Kameralna, mała i nieformalna atmosfera rodzinnej winiarni ułatwia swobodne zachowanie dzieci na widokowym tarasie. Rodzice: Niski stres finansowy i bezpośredni, bardzo życzliwy kontakt z gospodarzami redukują niepokój społeczny.","Mała, rodzinna winiarnia z luźną atmosferą. Brak sztywnej etykiety sprawia, że rodzice czują mniejszy stres społeczny. Dzieci mogą bezpiecznie odpoczywać na tarasach widokowych i obserwować góry.","Kameralna, rodzinna winiarnia oferująca bezpretensjonalne degustacje win na tarasie widokowym z pięknym widokiem na zachodzące słońce i gaje oliwne.","1. Wypatruj tradycyjnych urządzeń do destylacji (miedzianych alembików) i zapytaj, jak się nazywają. 2. Policz, ile miedzianych lub drewnianych beczek służy tu za dekorację. 3. Znajdź najmłodszy krzew winny rosnący najbliżej wejścia.",0
43,Manousakis Winery,Manousakis Winery,"Vatolakkos, Platanias 730 05",Shop,"35.46075, 23.94058",45 min,2 - 3 godziny,0 EUR wstęp (degustacja win i posiłek w ogrodzie pod pomarańczami ok. 60-80 EUR dla rodziny 2+2),10:00 - 22:00,"Bardzo rekomendowana wcześniejsza rezerwacja online, szczególnie na wine tasting połączony z kolacją w ogrodzie.","Średnie - Winnica z pięknym ogrodem restauracyjnym. Dzieci mogą spacerować pod drzewami pomarańczowymi, ale czas oczekiwania na dania wymaga organizacji czasu. Wskazówki: Weź ze sobą proste gry planszowe lub karty do stolika.","Półcień. Degustacja i lunch odbywają się na urokliwym patio, pod gęstym cieniem dojrzałych drzew pomarańczowych i oliwnych.","Średni - Dzieci: Dojazd (45 min) jest łatwy. Przepiękny ogród restauracyjny pod drzewami pomarańczowymi pozwala na krótki spacer, choć czas spędzony przy stole podczas kolacji i degustacji wymaga zabrania zabawek wyciszających. Rodzice: Relaksująca kolacja w cieniu drzew i wybitne wino doskonale regenerują zmęczony układ nerwowy rodziców.","Wspaniały ogród restauracyjny z dużą ilością zieleni. Dzieci mogą bezpiecznie spacerować pod drzewami pomarańczowymi w cieniu, badając opadłe liście, podczas gdy rodzice w spokojnej atmosferze degustują wina.","Wyjątkowa winnica rodziny Manousakis w Vatolakkos o toskańskim klimacie, słynąca z produkcji win Nostos, doskonałej restauracji ogrodowej oraz warsztatów artystycznych.","1. Znajdź w pięknym ogrodzie najgrubszy pień drzewa pomarańczowego i spróbuj go zmierzyć rozpiętością swoich ramion. 2. Policz, ile szklanych kieliszków stoi na stole degustacyjnym rodziców. 3. Narysuj na kartce papieru swoją własną, wymarzoną etykietę na butelkę soku winogronowego.",0
44,Plaża Kalathas,Kalathas Beach,"Kalathas, Akrotiri 731 00",Plaża,"35.55395, 24.08695",10 min,2 - 4 godziny,0 EUR wstęp wolny (opcjonalnie zestaw leżaków z parasolem ok. 10-15 EUR),brak ograniczeń,Brak.,"Łatwe - Plaża z bardzo łagodnym zejściem do wody, drobny piasek i spokojne morze. Świetne warunki do bezpiecznej zabawy bez przeciążenia sensorycznego.","Pełne słońce. Szeroka, piaszczysta plaża całkowicie wystawiona na słońce. Dostępne są parasole i leżaki do wynajęcia.","Niski - Dzieci: Bardzo blisko (10 min). Niezwykle łagodne zebranie, miękki piasek i spokojne morze działają kojąco i regulująco na zmysły dzieci. Rodzice: Zerowy koszt wstępu (0 EUR) i brak jazdy samochodem dają 100% relaksu i komfortu psychicznego.","Idealne warunki na bezstresowe plażowanie. Bardzo łagodne, płytkie wejście do wody, drobny piasek i brak fal dają dzieciom poczucie bezpieczeństwa fizycznego i ułatwiają rodzicom czujną, spokojną obserwację bez lęku.","Bezpieczna, piaszczysta plaża na półwyspie Akrotiri z łagodnym zejściem do wody i bardzo spokojnym morzem, idealna dla rodzin z małymi dziećmi.","1. Sprawdź, czy dasz radę dopłynąć (lub przejść z rodzicami przy niskiej wodzie) do małej wysepki naprzeciwko plaży. 2. Zbuduj z mokrego piasku wielki wulkan, a potem wykop kanał, przez który woda z morza dopłynie do krateru. 3. Policz, ile małych krabów lub muszelek uda Ci się znaleźć na brzegu.",0
46,Plaża w Stavros,Stavros Beach,"Stavros, Akrotiri 731 00",Plaża,"35.59125, 24.09555",0 min,2 - 4 godziny,0 EUR wstęp wolny (opcjonalnie komplet leżaków z parasolem ok. 10-15 EUR),brak ograniczeń,Brak.,"Łatwe - Słynna plaża w Stavros. Płytka, przypominająca jezioro zatoka, brak fal, czysty piasek. Idealna, bezpieczna i uspokajająca przestrzeń dla dzieci neuroatypowych.",Pełne słońce. Plaża w zatoce otoczona skałami – brak naturalnego cienia na piasku. Warto wynająć leżak z parasolem lub schronić się w tawernie.,"Niski - Dzieci: Lokalna baza (0 min dojazdu). Płytka, bezfalowa, przypominająca jezioro zatoka to najbezpieczniejsze sensorycznie miejsce na Krecie do nieskrępowanej zabawy w wodzie. Rodzice: Całkowity brak zmęczenia jazdą, zero kosztów (0 EUR) i możliwość natychmiastowego powrotu do domu w razie jakichkolwiek oznak zmęczenia dają maksymalny komfort.","Kultowa plaża tuż przy Waszym domu w Stavros. Płytka, spokojna jak jezioro zatoka otoczona górą jest całkowicie bezpieczna. W razie nagłego meltdownu u dziecka lub rodzica, możecie spakować się i wrócić do domu pieszo lub autem w 2 minuty.","Słynna zatoka o białym piasku u stóp góry Vardies, znana z filmu „Grek Zorba” – płytka, osłonięta od fal i wiatru, przypominająca bezpieczne jezioro.","1. Spójrz na wielką, pionową górę wznoszącą się nad plażą i wyobraź sobie, że to śpiący olbrzym (znajdź jego nos i brodę!). 2. Ponieważ woda w tej zatoce jest super spokojna i płytka, spróbuj położyć się na wodzie na plecach i posłuchaj podwodnej ciszy. 3. Ułóż z suchych patyków swoje imię na piasku.",0
47,Plaża Tersanas,Tersanas Beach,"Tersanas, Akrotiri 731 00",Plaża,"35.56382, 24.08115",5 min,2 - 3 godziny,0 EUR wstęp wolny (opcjonalnie komplet leżaków z parasolem ok. 10-15 EUR),brak ograniczeń,Brak.,"Łatwe - Kameralna, bardzo spokojna zatoka z łagodnym wejściem do wody. Mała skala miejsca sprawia, że jest bezpiecznie i cicho.","Pełne słońce. Kameralna, piaszczysta zatoczka, całkowicie nasłoneczniona. Świetna dla dzieci, ale wymaga parasola.","Niski - Dzieci: Zaledwie 5 minut drogi. Mała, kameralna zatoka o bardzo łagodnym wejściu do wody, pozbawiona silnego wiatru i fal, co ułatwia samoregulację dzieci. Rodzice: Szybki dojazd, zerowe koszty (0 EUR) i pełen spokój małej skali plaży gwarantują bezstresowe popołudnie.","Niezwykle kameralna, schowana w skałach zatoczka ze spokojną wodą. Mała skala miejsca sprawia, że jest ono bardzo przewidywalne i łatwe do kontrolowania dla dziecka AuDHD. Pełna swoboda ruchowa i głęboki cień w tawernie obok.","Kameralna i płytka piaszczysta zatoczka blisko Stavros z łagodnym wejściem do morza i cichą tawerną tuż przy brzegu, oaza spokoju dla rodzin.","1. Ta zatoczka jest bardzo mała i spokojna – spróbuj policzyć, ile kroków ma szerokość całej plaży od skały do skały. 2. Znajdź na brzegu bezpieczne miejsce, gdzie woda jest tak przezroczysta, że widać Twoje stopy na dnie. 3. Zrób z piasku i wody 'błotne babki'.",0
48,Mniejsza z plaż Agioi Apostoloi,Smaller Agioi Apostoloi Beach,"Agioi Apostoloi, Chania 731 00",Plaża,"35.51345, 23.97880",30 min,2 - 3 godziny,0 EUR wstęp wolny (opcjonalnie komplet leżaków z parasolem ok. 10-15 EUR),brak ograniczeń,Brak.,"Łatwe - Płytkie zatoczki, piękny park obok plaży z placem zabaw i zacienionymi alejkami do spacerowania i biegania.","Pełne słońce / Półcień. Plaża jest nasłoneczniona, ale bezpośrednio za nią rozciąga się park piniowy, oferujący wspaniały, naturalny i pachnący cień.","Niski do Średni - Dzieci: Dojazd (30 min) is bezproblemowy. Płytka zatoczka z drobnym piaskiem i piękny, zacieniony las piniowy tuż obok dają świetne opcje zmiany otoczenia w razie przemęczenie hałasem i nadmiarem wrażeń. Rodzice: Niski koszt (0 EUR) i pełna infrastruktura parkowa ułatwiają zarządzanie czasem, choć plaża bywa głośniejsza ze względu na popularny beach bar.","Płytka zatoczka z drobnym piaskiem i piękny, zacieniony las piniowy (sosnowy) tuż obok dają genialne, zróżnicowane sensorycznie opcje zabawy (tor przeszkód z szyszek, chłód pod drzewami), co pozwala błyskawicznie opanować kryzys.","Ukryta w małej zatoczce piaszczysta plaża w Chanii, otoczona pachnącym lasem piniowym, który zapewnia zbawienny cień do odpoczynku i zabawy.","1. Wejdź do pobliskiego lasu piniowego (sosnowego), nazbieraj szyszek i ułóż z nich leśny tor przeszkód. 2. Zamknij oczy w lesie piniowym i powąchaj niesamowity zapach żywicy i igliwia. 3. Znajdź na plaży miejsce, gdzie skały tworzą naturalne małe baseniki i poszukaj w nich małych krewetek lub rybek.",0
49,Plaża Preveli,Preveli Beach,"Preveli, Rethymno 740 60",Plaża,"35.15250, 24.47361",1 godz. 50 min,3 - 5 godzin (pół dnia),0 EUR wstęp (parking ok. 2-3 EUR),brak ograniczeń,"Zejście z głównego parkingu klifowego wymaga pokonania ok. 400 stromo położonych kamiennych schodów (droga powrotna pod górę jest ekstremalnie męcząca). Alternatywnie: dopłynięcie łodzią motorową / taksówką wodną z Plakias lub Damnoni, co eliminuje konieczność trekkingu.","Trudne - Pokonanie stromych schodów klifowych w drodze powrotnej (ok. 20-30 min wspinaczki) w pełnym słońcu bez cienia to ogromne wyzwanie kondycyjne i sensoryczne, które może wywołać silną niechęć dziecka. Jednak sam las palmowy i rzeka są niezwykle stymulujące i oferują świetną zabawę.","Częściowa. Plaża jest w pełnym słońcu (brak komercyjnych parasoli ze względu na status rezerwatu), ale gaj palmowy wzdłuż rzeki oferuje zbawienny, naturalny cień, chłód i osłonę przed wiatrem.","Wysoki do Ekstremalny - Dzieci: Długa trasa samochodem (1 godz. 50 min) po krętych, górskich drogach buduje napięcie, a wspinaczka pod górę po schodach w drodze powrotnej to prosta droga do skrajnego fizycznego buntu. Rodzice: Stres i ciągła obawa o bezpieczeństwo dzieci na schodach oraz własne zmęczenie fizyczne w upale drastycznie wyczerpują cierpliwość.","1. Skorzystajcie z rejsu małą łodzią motorową z plaży Damnoni lub Plakias – podróż trwa kilkanaście minut, jest łagodna i stanowi dodatkową, ekscytującą atrakcję dla dzieci (omijacie wtedy schody). 2. Jeśli schodzicie pieszo: zaplanujcie to rano (wejście o 8:00), schodźcie powoli i podzielcie powrót pod górę na 3-4 etapy z przerwami na picie wody i drobnymi nagrodami (np. obietnica lodów na szczycie).","Spektakularna plaża palmowa położona u ujścia rzeki Megalopotamos na południowym wybrzeżu Krety. Słynie z dzikiego, naturalnego lasu palmowego (palmy teoforasta) rosnącego wzdłuż słodkowodnego koryta rzeki, co tworzy niesamowity tropikalny krajobraz i unikalny mikroklimat.","1. Znajdź magiczne miejsce, w którym zimna słodka woda z rzeki łączy się z ciepłym słonym morzem. 2. Zamień się w odkrywcę dżungli i poszukaj śladów ukrytych zwierząt lub egzotycznych ptaków w lesie palmowym. 3. Policz małe kaczki pływające spokojnie w rzece.",0
50,Plaża Macherida,Macherida Beach,"Macherida, Akrotiri 731 00",Plaża,"35.58045, 24.07292",5 min,1 - 2 godziny,0 EUR,brak ograniczeń,Brak.,"Łatwe - Króciutka podróż autem, brak tłumów rano i mała przestrzeń ułatwiająca pilnowanie dzieci. Brak bodźców komercyjnych (głośna muzyka, kramy) sprzyja wyciszeniu.","Brak ochrony. Plaża jest całkowicie odsłonięta, otoczona niskimi skałkami. Własny parasol lub namiot UV jest bezwzględnie wymagany.","Niski do Średniego - Dzieci: Brak męczącego dojazdu i spokojna woda redukują stres. Jedynym wyzwaniem sensorycznym może być brak infrastruktury (brak toalety i prysznica) oraz fakt, że plaża jest bardzo lubiana przez naturystów (co dla niektórych dzieci może być zaskakujące). Rodzice: Zerowy stres związany z parkowaniem czy kosztami, łatwa i szybka ewakuacja w razie potrzeby.","Ze względu na brak naturalnego cienia, koniecznie zabierzcie ze sobą własny lekki namiot plażowy UV lub parasol. W razie marudzenia lub dyskomfortu spowodowanego brakiem toalet, możecie w 5 minut wrócić do Waszego domku w Stavros. Jeśli obecność naturystów krępuje dzieci, przenieście się na pobliską, w pełni rodzinną plażę Tersanas.","Dzika, mała i urokliwa zatoczka położona zaledwie kilka minut drogi od Stavros. Słynie z krystalicznie czystej, turkusowej wody oraz drobnego jasnego piasku. Ze względu na swoje osłonięte położenie, woda jest tu niemal zawsze spokojna niczym w basenie.","1. Policz, ile różnych rybek uda Ci się wypatrzyć w tej krystalicznej wodzie. 2. Zbuduj mały zamek z piasku tuż przy brzegu. 3. Znajdź trzy najbardziej płaskie kamyczki do puszczania kaczek na wodzie.",0
51,Zatoka w Wąwozie Katholiko,Katholiko Bay,"Katholiko, Akrotiri 731 00",Plaża,"35.60220, 24.14810",15 min do parkingu + 1 godz. spaceru wąwozem,3 - 4 godziny (wliczając trekking w obie strony),0 EUR (symboliczna opłata za parking przy Gouverneto ok. 2 EUR),brak ograniczeń (wstęp przez klasztor),Wymagane jest stabilne obuwie sportowe/trekkingowe do marszu po kamieniach oraz ubranie zakrywające ramiona i kolana na czas przejścia przez teren klasztoru Gouverneto.,"Bardzo trudne - Droga powrotna to strome podejście pod górę w pełnym słońcu bez cienia, co wymaga ogromnej determinacji i cierpliwości. Jednak sam marsz dnem baśniowego wąwozu pośród ruin starożytnego klasztoru i jaskiń jest niesamowicie stymulujący i ekscytujący dla małych odkrywców.","Brak ochrony. Szlak i zatoka są niemal całkowicie wystawione na słońce (jedynie wysokie ściany wąwozu dają okresowy cień). Nakrycia głowy, okulary i filtry UV są absolutnie kluczowe.","Wysoki do Ekstremalnego - Dzieci: Fizyczne zmęczenie marszem pod górę w upale i brak możliwości szybkiej ewakuacji autem (trzeba wrócić pieszo do Gouverneto) to wysokie ryzyko kryzysu. Rodzice: Lęk o zmęczenie dzieci, brak cienia i wysiłek fizyczny obniżają poziom cierpliwości.","1. Zamieńcie powrotny trekking w ekscytującą misję (np. „zbieranie punktów energii” za każdy pokonany zakręt schodów – nagroda w postaci żelka lub łyka chłodnego soku). 2. Róbcie częste, zaplanowane postoje w cieniu skalnych nisz. 3. Jeśli 5-latek jest zmęczony, rozważcie rezygnację z zejścia na sam dół do zatoki i odpoczynek przy malowniczych ruinach klasztoru Katholiko (który sam w sobie jest niesamowitą atrakcją).","Magiczna, ukryta na końcu surowego wąwozu Katholiko skalista zatoczka z niewiarygodnie przejrzystą, szmaragdową wodą. Otoczona wysokimi klifami, jest całkowicie odizolowana od świata i stanowi raj dla miłośników snorkelingu i dzikiej przyrody.","1. Załóż maskę do nurkowania i poszukaj ukrytych krabów w szczelinach skalnych pod wodą. 2. Znajdź wejście do jaskini św. Jana Pustelnika i sprawdź, jak daleko sięga chłód z jej wnętrza. 3. Policz, ile kóz kica po pionowych ścianach wąwozu.",0
52,Plaża Marathi,Marathi Beach,"Marathi, Akrotiri 731 00",Plaża,"35.50528, 24.17389",25 min,3 - 5 godzin (pół dnia),"0 EUR (opcjonalny koszt leżaków ok. 15-20 EUR, parking bezpłatny lub płatny prywatny ok. 3 EUR)",brak ograniczeń,Brak. Wyjątkowo łatwy dostęp bezpośrednio z parkingu bez żadnych schodów czy trudnych ścieżek.,"Łatwe - Płytka, bezfalowa woda (jak w basenie) pozwala dzieciom na bezpieczną i swobodną zabawę bez ciągłego napięcia u rodziców. Łatwa logistyka, bliskość tawern i toalet wyklucza stres organizacyjny.","Dobra. Plaża jest zagospodarowana (parasole i leżaki do wynajęcia), a rosnące przy plaży tamaryszki dają przyjemny, naturalny cień.",Niski do Średniego - Dzieci: Bezpieczna przestrzeń i miękki piasek dają komfort sensoryczny. Jedyne ryzyko to hałas i tłum w godzinach południowych w sezonie. Rodzice: Brak presji logistycznej i pyszne jedzenie na miejscu sprzyjają pełnemu relaksowi.,"Wybierzcie się tam rano, gdy woda jest gładka jak lustro, a na plaży panuje cisza. Rozłóżcie się blisko tawerny, aby mieć szybki dostęp do cienia, toalet i chłodnych napojów. W razie przebodźcowania tłumem, przenieście się do jednej z zacienionych tawern na spokojny sok pomarańczowy.","Jedna z najprzyjemniejszych i najbezpieczniejszych plaż rodzinnych na Krecie, położona na południowym wybrzeżu Akrotiri. Dwie piaszczyste, płytkie zatoki są całkowicie osłonięte przed falami i wiatrem, tworząc idealne, spokojne warunki do kąpieli. Z plaży roztacza się oszałamiający widok na pasmo Gór Białych.","1. Wejdź do wody i sprawdź, jak daleko od brzegu potrafisz iść, zanim woda sięgnie Ci do pasa. 2. Zbuduj wielki piaskowy zamek z widokiem na wysokie góry Lefka Ori. 3. Policz małe statki i łódki kołyszące się na wodzie w zatokę.",0
53,Seitan Limani,Seitan Limani Beach,"Seitan Limani, Akrotiri 731 00",Plaża,"35.55180, 24.19340",30 min,1 - 2 godziny,0 EUR,brak ograniczeń,"Zejście z parkingu na plażę to stroma, kamienista i momentami śliska ścieżka klifowa (ok. 10-15 min schodzenia). Wymagane jest stabilne obuwie sportowe (adidasy) – schodzenie w klapkach jest skrajnie niebezpieczne.","Trudne - Zejście i podejście po stromej ścieżce wymaga skupienia i ostrożności, co może frustrować niecierpliwe dzieci. Na dole plaża jest bardzo mała, więc tłum w ciągu dnia może szybko wywołać przebodźcowanie sensoryczne hałasem i brakiem przestrzeni osobistej.","Brak ochrony. Wąska zatoka jest otoczona jasnymi skałami, które odbijają światło. Brak jakiegokolwiek cienia na samej plaży. Konieczne filtry UV, okulary i czapki.","Wysoki do Ekstremalnego - Dzieci: Strach przed stromą ścieżką, palące słońce i tłok na dole to czynniki wysokiego ryzyka. Rodzice: Duży stres związany z bezpieczeństwem dzieci na klifie, trudny powrót pod górę w upale i brak cienia.","Odwiedźcie to miejsce wyłącznie rano poza szczytem sezonu (np. we wrześniu) i tylko wtedy, gdy dzieci czują się na siłach na krótki „hike”. Trzymajcie dzieci mocno za ręce podczas schodzenia. Jeśli na dole zrobi się tłoczno lub głośno, zróbcie kilka pamiątkowych zdjęć i natychmiast rozpocznijcie spokojny powrót do klimatyzowanego auta. Alternatywnie: podziwiajcie tę niesamowitą zatokę z góry (punkt widokowy przy parkingu jest łatwo dostępny i oferuje genialne widoki bez konieczności schodzenia).","Spektakularna i ikoniczna zatoka wciśnięta w wąski, zygzakowaty wąwóz skalny na wschodnim krańcu Akrotiri. Niewiarygodnie turkusowy, niemal neonowy kolor wody w połączeniu z surowymi, pionowymi klifami tworzy jeden z najbardziej dramatycznych krajobrazów na Krecie.","1. Spójrz na wodę i spróbuj opisać, jak bardzo różni się jej kolor od wody na innych plażach. 2. Wypatrz dzikie kozy, które często schodzą z klifów na samą plażę w poszukiwaniu jedzenia (nie podchodź za blisko!). 3. Znajdź ukrytą w skałach małą jaskinię na brzegu.",0
54,Plaża Ravdoucha,Ravdoucha Beach,"Ravdoucha, Chania 730 06",Plaża,"35.54920, 23.73810",45 min,3 - 4 godziny (pół dnia),0 EUR,brak ograniczeń,Brak (wygodny parking tuż przy plaży).,"Łatwe - Cudowna, wyciszająca atmosfera w stylu boho. Dzieci mogą leżeć na miękkich poduchach i pufach w cieniu tamaryszków, co wspaniale tonuje emocje i relaksuje zmysły. Brak pośpiechu i hałasu.","Bardzo dobra – naturalny, głęboki cień dają gęsto rosnące wzdłuż wybrzeża drzewa tamaryszkowe, dodatkowo leżaki i parasole są dostępne przy lokalach.","Niski - Dzieci: Kameralna plaża z miękkimi siedziskami i pysznym jedzeniem zapewnia pełen komfort sensoryczny. Kamieniste wejście do wody wymaga jedynie butów plażowych. Rodzice: Spokój, pyszna kawa, brak tłumów i bezproblemowa logistyka dają poczucie luksusu i relaksu.","Rozgośćcie się na pufach lub hamakach w cieniu drzew w Seasta on the Beach. Zamówcie dzieciom świeży sok owocowy lub lody i pozwólcie im na niespieszny chillout z książką lub zabawkami. Woda w zatoce jest spokojna, idealna do łagodnego oswajania dzieci z snorkelingiem.","Niezwykle klimatyczna, kamienisto-żwirowa plaża ukryta na zachód od Chanii u nasady półwyspu Rodopou. Otoczona stromymi klifami, zachwyca surowym pięknem, spokojem oraz wodą idealną do snorkelingu. To miejsce z duszą, w którym czas płynie znacznie wolniej.","1. Znajdź na plaży trzy kamyki o niezwykłym kształcie lub kolorze. 2. Załóż buty do wody i maskę i sprawdź, czy pod wielkimi kamieniami przy brzegu mieszkają małe kraby. 3. Wyleż się na miękkiej pufie w cieniu i posłuchaj szumu fal z zamkniętymi oczami.",0
55,Śniadanie z żółwikami w „The Jar”,The Jar - Cafe & Turtles,"Andrea Papandreou 70, Chania 731 32",Shop,"35.45230, 24.18760",25 min,1 - 1.5 godziny,"ok. 25-35 EUR (koszt śniadania, kawy i soków)",08:00 - 16:00 (lato),"Brak (rezerwacja nie jest wymagana, ale warto przybyć wcześniej rano, aby zająć stolik bezpośrednio przy brzegu stawu).","Łatwe - Obserwowanie pływających żółwi działa hipnotyzująco i wyciszająco na dzieci. Park wokół kawiarni oferuje bezpieczną, wolną od ruchu samochodowego przestrzeń, gdzie dzieci mogą rozprostować nogi.",Pełna ochrona. Stoliki są doskonale zacienione przez parasole oraz gęste korony drzew w parku.,Niski - Krótka podróż (25 min) i natychmiastowe sensoryczne wyciszenie przy wodzie i zieleni minimalizują ryzyko kryzysu. Pyszne jedzenie (Safe Foods jak tosty) dodatkowo stabilizuje nastrój.,Wybierzcie stolik tuż przy stawie (żółwie mocno angażują uwagę). W razie niepokoju przejdźcie się cienistymi alejkami Parku Pokoju i Przyjaźni.,"Wyjątkowa kawiarnia śniadaniowa ukryta w zielonym i cienistym Parku Pokoju i Przyjaźni w Chanii. Stoliki są ustawione wokół naturalnego stawu, w którym pływają dziesiątki małych, słodkowodnych żółwi błotnych.","1. Policz, ile żółwi pływa jednocześnie przy Waszym stoliku. 2. Wypatrz największego żółwia w stawie i nadaj mu śmieszne imię. 3. Znajdź w parku gigantyczne liście drzew i sprawdź, czy są większe od Twojej dłoni.",0
56,Lotnisko w Heraklionie,Heraklion International Airport (HER),"Leoforos Ikarou, Heraklion 716 01",Other,"35.33972, 25.18028",2 godz. 15 min,45 - 60 min,0 EUR (koszt przelotu i wynajmu auta),24/7 (całodobowo),"Sprawne odebranie bagaży, przygotowanie dokumentów do wypożyczalni samochodów.","Trudne - Tłok, hałas przy taśmie z bagażami, kolejki do wypożyczalni aut mogą wywołać zniecierpliwienie i przestymulowanie.",Cień (Wewnątrz klimatyzowanego terminalu).,Średni do Wysokiego - Zmęczenie po locie i oczekiwanie na bagaż oraz auto w ciepłej hali to trudny moment sensoryczny.,"1. Załóżcie dzieciom słuchawki wygłuszające w hali przylotów. 2. Wyjmijcie z podręcznego bezpieczne, suche przekąski i napoje zanim dzieci poczują głód. 3. Podzielcie się rolami: jedno z rodziców pilnuje dzieci w spokojniejszym miejscu, drugie załatwia formalności przy okienku wypożyczalni.","Główne lotnisko międzynarodowe na Krecie, położone we wschodniej części Heraklionu. To tutaj zaczyna się Wasza kreteńska przygoda i stąd odbieracie wynajęty samochód.",1. Pomóż rodzicom nieść mały plecak podręczny. 2. Poszukaj na parkingu tabliczki z logiem naszej wypożyczalni samochodów!,0
57,Cretan Bakery Flavors,Cretan Bakery Flavors (Leoforos Ikarou 61),"Leoforos Ikarou 61, Heraklion 716 01",Shop,"35.50980, 24.02590",2 godz. 15 min,10 - 15 min,5 - 10 EUR,06:00 - 23:00,"Szybkie wejście po świeże, bezpieczne pieczywo na drogę do Stavros.",Bardzo łatwe,Pełna ochrona (wewnątrz budynku).,Niski,"Dajcie dzieciom samodzielnie wybrać puszystą, suchą pitę lub tradycyjną słodką przekąskę (np. koulourakia), którą będą mogły podjadać w samochodzie.","Tradycyjna, duża piekarnia w Nea Alikarnassos, bardzo blisko lotniska w Heraklionie. Idealne miejsce na ekspresowy zakup świeżego pieczywa, tradycyjnych kreteńskich wypieków (jak kalitsounia z serem mizithra), chleba tostowego, paluszków i innych bezpiecznych, suchych przekąsek ratunkowych tuż po wylądowaniu.","1. Pomóż rodzicom wybrać najpyszniej wyglądającą, chrupiącą bułkę. 2. Wypatrz w piekarni tradycyjne, okrągłe obwarzanki z sezamem (Koulouri) i sprawdź, czy pachną słodko.",0
58,"Taverna Petousis (Ammoudara, Gazi)",Petousis Traditional Cretan Tavern,"Andrea Papandreou 140, Ammoudara, Gazi 714 14, Heraklion",Nice to have,"35.33542, 25.06829",2 godz. 10 min,1.5 - 2 godziny (obiad z czasem na zabawę),0 EUR wstęp (tradycyjny obiad kreteński z napojami ok. 45-60 EUR dla rodziny 2+2),11:30 - 01:00,"W weekendowe wieczory i popołudnia zalecana jest wcześniejsza rezerwacja stolika, ponieważ tawerna jest bardzo popularna wśród lokalnych rodzin oraz często odbywają się tu uroczystości.","Łatwe - Duża przestrzeń, rodzinny i luźny klimat, gdzie dzieci nie są skrępowane sztywnymi zasadami. Fantastyczny i ogrodzony plac zabaw (indoor/outdoor) pozwala na swobodne rozładowanie energii ruchowej pod okiem animatorów lub rodziców.","Dobra. Stoliki w ogrodzie są dobrze zacienione markizami i pergolami, a plac zabaw jest osłonięty, chroniąc przed słońcem i upałem.","Niski do Średni - Dzieci: Dojazd ze Stavros (ok. 2h 10 min) może zmęczyć, ale obecność trampolin, zjeżdżalni i statku pirackiego błyskawicznie resetuje napięcie i uwalnia endorfiny. Wyzwaniem może być hałas w godzinach szczytu. Rodzice: Zerowy stres – dzieci są bezpieczne na placu zabaw, a obsługa jest bardzo sprawna i przyjazna.","Wybierzcie stolik z widokiem na plac zabaw, by mieć dzieci na oku. W razie przebodźcowania hałasem na sali, przejdźcie na przewiewny taras lub do spokojniejszej części ogrodu. Zamówcie bezpieczne Safe Foods (np. frytki i czyste souvlaki z kurczaka bez sosu) od razu po przybyciu.","Słynna tradycyjna tawerna kreteńska w Ammoudarze (Gazi) koło Heraklionu, znana ze znakomitego mięsa ""antikristo"" przygotowywanego według starożytnej kreteńskiej metody na otwartym ogniu. Posiada nowoczesny, bezpieczny, osłonięty plac zabaw dla dzieci z bezpieczną nawierzchnią (trampoliny, statek piracki, karuzela, mini boisko do piłki nożnej), co czyni ją jednym z najbardziej przyjaznych sensorycznie lokali gastronomicznych dla rodzin na Krecie.","1. Wejdź na pokład pirackiego statku na placu zabaw i wypatruj skarbów przez lunetę! 2. Zrób 10 wysokich skoków na trampolinie, aby doładować swoją superenergię. 3. Policz, ile kółek ma mała karuzela i wybierz swój ulubiony kolor.",0
59,Monastyr Agia Triada,Agia Triada Monastery,"Akrotiri, Chania 731 00, Grecja",Must have,"35.5486, 24.1364",~15 min,45 min,—,—,,Niski,Dużo cienia w arkadach i ogrodach,Niski,"Spacer po ogrodach, wyciszenie w cieniu arkad","Historyczny monastyr z pięknymi ogrodami, idealny na spokojny początek wycieczki.","Znajdź najładniejszy kwiat w ogrodzie
Policz wszystkie koty w monastyrze",0
