id_wycieczki,tytul_wycieczki,calosciowy_opis_wycieczki,calosciowa_taktyka_dnia,godzina_pobudki,szacowany_czas_ogarniania_rano,krok_wycieczki,numer_miejsca,nazwa,wspolrzedne,okienko_zwiedzania,godzina_ewakuacji,czerwona_strefa_ostrzezenie,strefa_luzu_i_regeneracji,podsumowanie_taktyki,rodzaj_posilku,godzina_posilku,nazwa_posilku
0,Lotnisko,"Spokojny transfer powrotny ze Stavros na lotnisko w Heraklionie na lot o godzinie 13:00, z uwzględnieniem czasu na zwrot samochodu i bezstresową odprawę.","Wyjeżdżamy rano po śniadaniu, jedziemy spokojnie trasą VOAK z zapasem czasu, zdajemy sprawnie samochód do 10:30, a czas przed odlotem spędzamy w wyciszonej strefie lotniska.",07:15,0.5h,0,46,Wyjazd z domku,"35.59125, 24.09555",07:15 - 07:45,-,"Upewnij się, że nie zostawiliście żadnych leków ani kabli w gniazdkach w domku.","Klimatyzowane auto, spokojna muzyka na pożegnanie z Kretą.","Śniadanie, ostateczne spakowanie auta i wyjazd punktualnie o 08:15.",śniadanie,07:15,Śniadanie
0,Lotnisko,"Spokojny transfer powrotny ze Stavros na lotnisko w Heraklionie na lot o godzinie 13:00, z uwzględnieniem czasu na zwrot samochodu i bezstresową odprawę.","Wyjeżdżamy rano po śniadaniu, jedziemy spokojnie trasą VOAK z zapasem czasu, zdajemy sprawnie samochód do 10:30, a czas przed odlotem spędzamy w wyciszonej strefie lotniska.",07:15,0.5h,1,56,Lotnisko w Heraklionie,"35.33972, 25.18028",10:35 - 13:05,13:05 (Odlot),Hałas i echo w hali odlotów mogą drażnić słuchowo dziecko z AuDHD – słuchawki wygłuszające założyć przed wejściem do terminala!,Kącik zabaw dla dzieci lub spokojniejsze fotele przy mniej obciążonych bramkach (gate'ach).,"Zdanie samochodu do 10:30, bezstresowa odprawa, odpoczynek w cichej strefie przed odlotem o 13:00.",lunchbox_maly,11:05,Mały lunchbox
1,Mity i Oceaniczne Głębiny: Pałac w Knossos & Cretaquarium,Wyprawa łącząca mityczną historię starożytnej Krety w Knossos z klimatyzowanym podwodnym światem Cretaquarium oraz eksponatami Muzeum Archeologicznego.,"Spieszymy się rano w Knossos przed słońcem i autokarami, potem chłodzimy się i wyciszamy zmysły w mrocznym akwarium, a na koniec szybko oglądamy złote pszczoły w klimatyzowanym muzeum.",04:40,0.5h,0,46,Wyjazd z domku,"35.59125, 24.09555",04:40 - 05:10,-,Sprawdzić czy wszystko spakowane przed zamknięciem drzwi,Klimatyzowany samochód – spokojna jazda bez pośpiechu,Spakowanie auta i wyjazd o deadline,śniadanie,04:40,Śniadanie
1,Mity i Oceaniczne Głębiny: Pałac w Knossos & Cretaquarium,Wyprawa łącząca mityczną historię starożytnej Krety w Knossos z klimatyzowanym podwodnym światem Cretaquarium oraz eksponatami Muzeum Archeologicznego.,"Spieszymy się rano w Knossos przed słońcem i autokarami, potem chłodzimy się i wyciszamy zmysły w mrocznym akwarium, a na koniec szybko oglądamy złote pszczoły w klimatyzowanym muzeum.",04:40,0.5h,1,1,Pałac w Knossos,"35.29805, 25.16278",08:00 - 09:30,09:30 (upał i tłum),Ewakuacja przed 10:00! Słońce i fale autokarów tworzą ekstremalne przebodźcowanie.,Zacieniony skwer przy wyjściu.,"Szybkie zwiedzanie w chłodzie rano, bez przemęczania dzieci.",lunchbox_maly,08:00 - 09:30,Mały lunchbox
1,Mity i Oceaniczne Głębiny: Pałac w Knossos & Cretaquarium,Wyprawa łącząca mityczną historię starożytnej Krety w Knossos z klimatyzowanym podwodnym światem Cretaquarium oraz eksponatami Muzeum Archeologicznego.,"Spieszymy się rano w Knossos przed słońcem i autokarami, potem chłodzimy się i wyciszamy zmysły w mrocznym akwarium, a na koniec szybko oglądamy złote pszczoły w klimatyzowanym muzeum.",04:40,0.5h,2,2,Cretaquarium,"35.33256, 25.28254",09:55 - 11:25,11:25 (czas na obiad),Hałas i echo w halach - założyć dzieciom słuchawki wygłuszające.,Zacieniony ogród tawerny przy plaży Gournes ze świeżą bryzą.,Podwodne wyciszenie w klimatyzowanym półmroku oraz spokojny obiad nad morzem.,lunchbox_maly,09:55 - 11:25,Mały lunchbox
1,Mity i Oceaniczne Głębiny: Pałac w Knossos & Cretaquarium,Wyprawa łącząca mityczną historię starożytnej Krety w Knossos z klimatyzowanym podwodnym światem Cretaquarium oraz eksponatami Muzeum Archeologicznego.,"Spieszymy się rano w Knossos przed słońcem i autokarami, potem chłodzimy się i wyciszamy zmysły w mrocznym akwarium, a na koniec szybko oglądamy złote pszczoły w klimatyzowanym muzeum.",04:40,0.5h,3,4,Muzeum Archeologiczne w Heraklionie,"35.33924, 25.13702",11:45 - 12:40,12:40 (czas na powrót),"Długie zwiedzanie (ponad 45 min) grozi znużeniem. Szybki, celowy spacer po najważniejszych salach minojskich.",Zacieniony skwer przy muzeum lub klimatyzowane lobby.,Ekspresowa i celowa wizyta w klimatyzowanym muzeum pod kątem minojskich skarbów.,,,
1,Mity i Oceaniczne Głębiny: Pałac w Knossos & Cretaquarium,Wyprawa łącząca mityczną historię starożytnej Krety w Knossos z klimatyzowanym podwodnym światem Cretaquarium oraz eksponatami Muzeum Archeologicznego.,"Spieszymy się rano w Knossos przed słońcem i autokarami, potem chłodzimy się i wyciszamy zmysły w mrocznym akwarium, a na koniec szybko oglądamy złote pszczoły w klimatyzowanym muzeum.",04:40,0.5h,4,46,Powrót do domku,"35.59125, 24.09555",15:35 - 18:35,-,Brak,"Bezpieczna, łagodna zatoka Stavros – pełny reset po powrocie.","Spokojna sjesta, plaża i domowa kolacja w Stavros.",kolacja,16:05,Kolacja
2,"Wodospady, Starożytne Lappa & Słodkowadne Jezioro Kournas","Spokojna, orzeźwiająca wyprawa łącząca rzymską wioskę Lappa z obiadem przy wodospadach Argyroupoli oraz zabawą na rowerach wodnych.","Zaczynamy od łagodnego spaceru w cieniu rzymskiej wioski, potem jemy obiad przy kojącym szumie wodospadów pod wielkimi platanami, a popołudniu pedałujemy na rowerku wodnym i szukamy żółwi w jeziorze.",08:00,0.5h,0,46,Wyjazd z domku,"35.59125, 24.09555",08:00 - 08:30,-,Sprawdzić czy wszystko spakowane przed zamknięciem drzwi,Klimatyzowany samochód – spokojna jazda bez pośpiechu,Spakowanie auta i wyjazd o deadline,śniadanie,08:00,Śniadanie
2,"Wodospady, Starożytne Lappa & Słodkowadne Jezioro Kournas","Spokojna, orzeźwiająca wyprawa łącząca rzymską wioskę Lappa z obiadem przy wodospadach Argyroupoli oraz zabawą na rowerach wodnych.","Zaczynamy od łagodnego spaceru w cieniu rzymskiej wioski, potem jemy obiad przy kojącym szumie wodospadów pod wielkimi platanami, a popołudniu pedałujemy na rowerku wodnym i szukamy żółwi w jeziorze.",08:00,0.5h,1,8,Ancient Lappa & Lappa Avocado,"35.28682, 24.33475",09:45 - 11:15,11:15 (przejście na obiad),Strome podejścia - trzymać wolne tempo.,Pachnący i chłodny sklepik Lappa Avocado.,Łagodny spacer w porannym cieniu rzymskiej wioski.,lunchbox_maly,09:45 - 11:15,Mały lunchbox
2,"Wodospady, Starożytne Lappa & Słodkowadne Jezioro Kournas","Spokojna, orzeźwiająca wyprawa łącząca rzymską wioskę Lappa z obiadem przy wodospadach Argyroupoli oraz zabawą na rowerach wodnych.","Zaczynamy od łagodnego spaceru w cieniu rzymskiej wioski, potem jemy obiad przy kojącym szumie wodospadów pod wielkimi platanami, a popołudniu pedałujemy na rowerku wodnym i szukamy żółwi w jeziorze.",08:00,0.5h,2,6,Wodospady Argyroupoli,"35.28634, 24.33321",11:25 - 13:40,13:40 (przejazd nad jezioro),Śliskie kamienie - uważać przy wodzie.,Głęboki cień platanów i naturalny szum spływającej wody.,Kojący obiad w tradycyjnej tawernie rybnej przy wodospadach.,lunchbox_maly,11:25 - 13:40,Mały lunchbox
2,"Wodospady, Starożytne Lappa & Słodkowadne Jezioro Kournas","Spokojna, orzeźwiająca wyprawa łącząca rzymską wioskę Lappa z obiadem przy wodospadach Argyroupoli oraz zabawą na rowerach wodnych.","Zaczynamy od łagodnego spaceru w cieniu rzymskiej wioski, potem jemy obiad przy kojącym szumie wodospadów pod wielkimi platanami, a popołudniu pedałujemy na rowerku wodnym i szukamy żółwi w jeziorze.",08:00,0.5h,3,3,Lake Kournas (Rowerki wodne),"35.33230, 24.27768",14:00 - 15:15,15:15 (powrót do bazy),Słońce na wodzie - nakrycia głowy obowiązkowe.,Chłodna woda jeziora i relaksujące pedałowanie.,Radosna zabawa na rowerku ze zjeżdżalnią.,,,
2,"Wodospady, Starożytne Lappa & Słodkowadne Jezioro Kournas","Spokojna, orzeźwiająca wyprawa łącząca rzymską wioskę Lappa z obiadem przy wodospadach Argyroupoli oraz zabawą na rowerach wodnych.","Zaczynamy od łagodnego spaceru w cieniu rzymskiej wioski, potem jemy obiad przy kojącym szumie wodospadów pod wielkimi platanami, a popołudniu pedałujemy na rowerku wodnym i szukamy żółwi w jeziorze.",08:00,0.5h,4,46,Powrót do domku,"35.59125, 24.09555",16:20 - 18:50,-,Brak,Stawros - bezpieczna strefa komfortu.,Spokojny wieczór i ciepła kolacja w domku.,kolacja,16:50,Kolacja
3,Bujny Ogród Botaniczny Krety & Ekologiczna Farma Arevitis,"Przyrodnicza, niespieszna wycieczka alejkami Ogrodu Botanicznego połączona ze zwierzętami i ekologicznym obiadkiem agroturystycznym.","Rano niespiesznie spacerujemy w chłodzie ogrodu botanicznego pośród zapachów i pawi, a potem uciekamy przed słońcem na bezpieczną, zieloną farmę na ekologiczny, swojski obiad.",08:30,0.5h,0,46,Wyjazd z domku,"35.59125, 24.09555",08:30 - 09:00,-,Sprawdzić czy wszystko spakowane przed zamknięciem drzwi,Klimatyzowany samochód – spokojna jazda bez pośpiechu,Spakowanie auta i wyjazd o deadline,śniadanie,08:30,Śniadanie
3,Bujny Ogród Botaniczny Krety & Ekologiczna Farma Arevitis,"Przyrodnicza, niespieszna wycieczka alejkami Ogrodu Botanicznego połączona ze zwierzętami i ekologicznym obiadkiem agroturystycznym.","Rano niespiesznie spacerujemy w chłodzie ogrodu botanicznego pośród zapachów i pawi, a potem uciekamy przed słońcem na bezpieczną, zieloną farmę na ekologiczny, swojski obiad.",08:30,0.5h,1,5,Botanical Garden of Crete,"35.41829, 23.93922",09:45 - 11:45,11:45 (upał na dolnych ścieżkach),Podejścia pod górę - robić krótkie przystanki.,Zacieniona altana przy stawie z łabędziami.,Spacer pośród zapachów śródziemnomorskich roślin.,lunchbox_maly,09:45 - 11:45,Mały lunchbox
3,Bujny Ogród Botaniczny Krety & Ekologiczna Farma Arevitis,"Przyrodnicza, niespieszna wycieczka alejkami Ogrodu Botanicznego połączona ze zwierzętami i ekologicznym obiadkiem agroturystycznym.","Rano niespiesznie spacerujemy w chłodzie ogrodu botanicznego pośród zapachów i pawi, a potem uciekamy przed słońcem na bezpieczną, zieloną farmę na ekologiczny, swojski obiad.",08:30,0.5h,2,9,Arevitis Farm (Wizytacja),"35.40530, 23.92120",11:55 - 14:10,14:10 (powrót na sjestę),Brak.,"Cichy, wiejski ogród agroturystyczny.",Ekologiczny obiad i wyciszający kontakt ze zwierzętami.,lunchbox_maly,11:55 - 14:10,Mały lunchbox
3,Bujny Ogród Botaniczny Krety & Ekologiczna Farma Arevitis,"Przyrodnicza, niespieszna wycieczka alejkami Ogrodu Botanicznego połączona ze zwierzętami i ekologicznym obiadkiem agroturystycznym.","Rano niespiesznie spacerujemy w chłodzie ogrodu botanicznego pośród zapachów i pawi, a potem uciekamy przed słońcem na bezpieczną, zieloną farmę na ekologiczny, swojski obiad.",08:30,0.5h,3,46,Powrót do domku,"35.59125, 24.09555",15:05 - 18:20,-,Brak,Zatoka Stavros.,Popołudniowe wyciszenie i bezpieczny odpoczynek.,kolacja,15:35,Kolacja
4,Echo Starożytnej Aptery & Sensoryczne Mydlarnie w Kalyves,"Krótka, fascynująca wycieczka łącząca eksperymenty akustyczne w cysternach Aptery z warsztatami mydlarskimi w mill.o.petres i obiadkiem przy plaży w Kalyves.","Rano odkrywamy puste ruiny Aptery i krzyczymy w rzymskiej cysternie, by usłyszeć potężne echo, a potem bawimy się zapachami lawendy na warsztatach mydlarskich i odpoczywamy przy plaży.",08:05,0.5h,0,46,Wyjazd z domku,"35.59125, 24.09555",08:05 - 08:35,-,Sprawdzić czy wszystko spakowane przed zamknięciem drzwi,Klimatyzowany samochód – spokojna jazda bez pośpiechu,Spakowanie auta i wyjazd o deadline,śniadanie,08:05,Śniadanie
4,Echo Starożytnej Aptery & Sensoryczne Mydlarnie w Kalyves,"Krótka, fascynująca wycieczka łącząca eksperymenty akustyczne w cysternach Aptery z warsztatami mydlarskimi w mill.o.petres i obiadkiem przy plaży w Kalyves.","Rano odkrywamy puste ruiny Aptery i krzyczymy w rzymskiej cysternie, by usłyszeć potężne echo, a potem bawimy się zapachami lawendy na warsztatach mydlarskich i odpoczywamy przy plaży.",08:05,0.5h,1,7,Ancient Aptera,"35.46271, 24.14175",09:10 - 10:40,10:40 (brak cienia na płaskowyżu),Słońce na płaskowyżu po 10:30.,Gigantyczny chłód wewnątrz rzymskiej cysterny.,Eksperymenty z echem potężnie angażują uwagę dzieci.,lunchbox_maly,09:10 - 10:40,Mały lunchbox
4,Echo Starożytnej Aptery & Sensoryczne Mydlarnie w Kalyves,"Krótka, fascynująca wycieczka łącząca eksperymenty akustyczne w cysternach Aptery z warsztatami mydlarskimi w mill.o.petres i obiadkiem przy plaży w Kalyves.","Rano odkrywamy puste ruiny Aptery i krzyczymy w rzymskiej cysternie, by usłyszeć potężne echo, a potem bawimy się zapachami lawendy na warsztatach mydlarskich i odpoczywamy przy plaży.",08:05,0.5h,2,29,mill.o.petres (Warsztaty Mydlarskie),"35.44192, 24.14815",11:00 - 14:00,14:00 (powrót na sjestę),Brak,Zacieniona pracownia oraz nadmorska tawerna w Kalyves.,Frajda z robienia mydełek i obiad nad brzegiem morza.,lunchbox_maly,11:00 - 14:00,Mały lunchbox
4,Echo Starożytnej Aptery & Sensoryczne Mydlarnie w Kalyves,"Krótka, fascynująca wycieczka łącząca eksperymenty akustyczne w cysternach Aptery z warsztatami mydlarskimi w mill.o.petres i obiadkiem przy plaży w Kalyves.","Rano odkrywamy puste ruiny Aptery i krzyczymy w rzymskiej cysternie, by usłyszeć potężne echo, a potem bawimy się zapachami lawendy na warsztatach mydlarskich i odpoczywamy przy plaży.",08:05,0.5h,3,44,Powrót do domku,"35.55395, 24.08695",14:40 - 18:05,-,Brak,Plaża Kalathas z łagodnym brzegiem.,Popołudniowe wyciszenie na plaży i kolacja w domku.,kolacja,15:10,Kolacja
5,Głęboki Chłód Wąwozu Meskla & Tradycyjna Tawerna Ntounias,Leśno-górski spacer kładką w cieniu wąwozu Sarakina Meskla połączony z ucztowaniem slow-food w kultowym Ntounias.,"Przechodzimy bajkowo zielonym i bardzo chłodnym wąwozem dającym schronienie przed upałem, a na obiad wjeżdżamy wolno pod górę do kultowej tawerny Ntounias na gliniane garnki z pieca bez pośpiechu.",08:25,0.5h,0,46,Wyjazd z domku,"35.59125, 24.09555",08:25 - 08:55,-,Sprawdzić czy wszystko spakowane przed zamknięciem drzwi,Klimatyzowany samochód – spokojna jazda bez pośpiechu,Spakowanie auta i wyjazd o deadline,śniadanie,08:25,Śniadanie
5,Głęboki Chłód Wąwozu Meskla & Tradycyjna Tawerna Ntounias,Leśno-górski spacer kładką w cieniu wąwozu Sarakina Meskla połączony z ucztowaniem slow-food w kultowym Ntounias.,"Przechodzimy bajkowo zielonym i bardzo chłodnym wąwozem dającym schronienie przed upałem, a na obiad wjeżdżamy wolno pod górę do kultowej tawerny Ntounias na gliniane garnki z pieca bez pośpiechu.",08:25,0.5h,1,13,Sarakina Meskla Gorge,"35.40325, 23.95758",09:40 - 11:30,11:30 (czas na przejazd na obiad),Uważać na wilgotne kamienie.,"Zacienione, chłodne wnętrze wąwozu Sarakina.",Baśniowy spacer (30-45 min) z wysokim poczuciem przygody.,lunchbox_maly,09:40 - 11:30,Mały lunchbox
5,Głęboki Chłód Wąwozu Meskla & Tradycyjna Tawerna Ntounias,Leśno-górski spacer kładką w cieniu wąwozu Sarakina Meskla połączony z ucztowaniem slow-food w kultowym Ntounias.,"Przechodzimy bajkowo zielonym i bardzo chłodnym wąwozem dającym schronienie przed upałem, a na obiad wjeżdżamy wolno pod górę do kultowej tawerny Ntounias na gliniane garnki z pieca bez pośpiechu.",08:25,0.5h,2,12,Ntounias w Drakonie,"35.40348, 23.95383",11:40 - 13:55,13:55 (powrót na sjestę),Powolna obsługa (slow-food) - pełny luz i brak pośpiechu.,Wiejski taras z pięknym widokiem na góry.,Autentyczny kreteński obiad z glinianych kociołków.,lunchbox_maly,11:40 - 13:55,Mały lunchbox
5,Głęboki Chłód Wąwozu Meskla & Tradycyjna Tawerna Ntounias,Leśno-górski spacer kładką w cieniu wąwozu Sarakina Meskla połączony z ucztowaniem slow-food w kultowym Ntounias.,"Przechodzimy bajkowo zielonym i bardzo chłodnym wąwozem dającym schronienie przed upałem, a na obiad wjeżdżamy wolno pod górę do kultowej tawerny Ntounias na gliniane garnki z pieca bez pośpiechu.",08:25,0.5h,3,46,Powrót do domku,"35.59125, 24.09555",14:40 - 18:10,-,Brak,Stavros Beach.,"Powrót do bazy, odpoczynek i domowa kolacja.",kolacja,15:10,Kolacja
6,"Przejażdżka Ciuchcią, Sosnowy Park & Plaża w Agioi Apostoloi",Radosny dzień z przejażdżką ciuchcią turystyczną z wiatrem we włosach oraz relaksem i obiadkiem w cieniu pachnącego lasu piniowego.,"Wsiadamy rano do zadaszonej ciuchci turystycznej dla wesołej jazdy bez chodzenia, a potem chłodzimy się w pachnącym parku sosnowym i pluskamy w bardzo bezpiecznej, bezfalowej zatoczce.",08:15,0.5h,0,46,Wyjazd z domku,"35.59125, 24.09555",08:15 - 08:45,-,Sprawdzić czy wszystko spakowane przed zamknięciem drzwi,Klimatyzowany samochód – spokojna jazda bez pośpiechu,Spakowanie auta i wyjazd o deadline,śniadanie,08:15,Śniadanie
6,"Przejażdżka Ciuchcią, Sosnowy Park & Plaża w Agioi Apostoloi",Radosny dzień z przejażdżką ciuchcią turystyczną z wiatrem we włosach oraz relaksem i obiadkiem w cieniu pachnącego lasu piniowego.,"Wsiadamy rano do zadaszonej ciuchci turystycznej dla wesołej jazdy bez chodzenia, a potem chłodzimy się w pachnącym parku sosnowym i pluskamy w bardzo bezpiecznej, bezfalowej zatoczce.",08:15,0.5h,1,27,The Little Fun Train - Agioi Apostoloi,"35.51178, 23.98189",09:15 - 11:00,11:00 (koniec trasy ciuchci),Brak.,Zadaszona ciuchcia daje radosny powiew wiatru.,Bezstresowa atrakcja ruchowa bez wysiłku pieszego.,lunchbox_maly,09:15 - 11:00,Mały lunchbox
6,"Przejażdżka Ciuchcią, Sosnowy Park & Plaża w Agioi Apostoloi",Radosny dzień z przejażdżką ciuchcią turystyczną z wiatrem we włosach oraz relaksem i obiadkiem w cieniu pachnącego lasu piniowego.,"Wsiadamy rano do zadaszonej ciuchci turystycznej dla wesołej jazdy bez chodzenia, a potem chłodzimy się w pachnącym parku sosnowym i pluskamy w bardzo bezpiecznej, bezfalowej zatoczce.",08:15,0.5h,2,48,Mniejsza z plaż Agioi Apostoloi & Park Piniowy,"35.51345, 23.97880",11:10 - 14:05,14:05 (powrót na sjestę),Brak,Głęboki cień piniowych drzew bezpośrednio przy piaszczystej zatoczce.,Cień sosen i łagodna plaża + obiad nad morzem.,lunchbox_maly,11:10 - 14:05,Mały lunchbox
6,"Przejażdżka Ciuchcią, Sosnowy Park & Plaża w Agioi Apostoloi",Radosny dzień z przejażdżką ciuchcią turystyczną z wiatrem we włosach oraz relaksem i obiadkiem w cieniu pachnącego lasu piniowego.,"Wsiadamy rano do zadaszonej ciuchci turystycznej dla wesołej jazdy bez chodzenia, a potem chłodzimy się w pachnącym parku sosnowym i pluskamy w bardzo bezpiecznej, bezfalowej zatoczce.",08:15,0.5h,3,46,Powrót do domku,"35.59125, 24.09555",14:35 - 18:05,-,Brak,Baza w Stavros.,Popołudniowe leniuchowanie i kolacja w domku.,kolacja,15:05,Kolacja
7,"Poranna Chania, Rejs Półpodwodny & Winnica Manousakis","Morski akcent pożegnalny: ranny spacer po wzgórzu Kastelli w Chanii, rejs łodzią podwodną, obiad w portowej tawernie i pożegnalny wieczór w ogrodzie winnicy.","Spacerujemy rano pustym portem w Chanii, potem płyniemy łodzią ze szklanym dnem oglądać ryby, a popołudniu relaksujemy się w ogrodzie pod drzewami pomarańczowymi w pięknej winnicy.",08:05,0.5h,0,46,Wyjazd z domku,"35.59125, 24.09555",08:05 - 08:35,-,Sprawdzić czy wszystko spakowane przed zamknięciem drzwi,Klimatyzowany samochód – spokojna jazda bez pośpiechu,Spakowanie auta i wyjazd o deadline,śniadanie,08:05,Śniadanie
7,"Poranna Chania, Rejs Półpodwodny & Winnica Manousakis","Morski akcent pożegnalny: ranny spacer po wzgórzu Kastelli w Chanii, rejs łodzią podwodną, obiad w portowej tawernie i pożegnalny wieczór w ogrodzie winnicy.","Spacerujemy rano pustym portem w Chanii, potem płyniemy łodzią ze szklanym dnem oglądać ryby, a popołudniu relaksujemy się w ogrodzie pod drzewami pomarańczowymi w pięknej winnicy.",08:05,0.5h,1,10,Kastelli archaeological site & Stary Port Chania,"35.51731, 24.01948",09:00 - 10:15,10:15 (przejście do portu),Uliczki po 11:00 się nagrzewają - zwiedzać rano.,Punkt widokowy na wzgórzu z morską bryzą.,Rześki spacer po sercu Chanii przed słońcem.,lunchbox_maly,09:00 - 10:15,Mały lunchbox
7,"Poranna Chania, Rejs Półpodwodny & Winnica Manousakis","Morski akcent pożegnalny: ranny spacer po wzgórzu Kastelli w Chanii, rejs łodzią podwodną, obiad w portowej tawernie i pożegnalny wieczór w ogrodzie winnicy.","Spacerujemy rano pustym portem w Chanii, potem płyniemy łodzią ze szklanym dnem oglądać ryby, a popołudniu relaksujemy się w ogrodzie pod drzewami pomarańczowymi w pięknej winnicy.",08:05,0.5h,2,28,Rejs łodzią półpodwodną,"35.51862, 24.01633",10:25 - 13:25,13:25 (powrót na sjestę),W razie niepokoju pod wodą wyjść na pokład górny.,Klimatyzowany podwodny kadłub z fascynującym widokiem.,Wesoła przygoda podwodna (35 min) i obiad w Starym Portie.,lunchbox_maly,10:25 - 13:25,Mały lunchbox
7,"Poranna Chania, Rejs Półpodwodny & Winnica Manousakis","Morski akcent pożegnalny: ranny spacer po wzgórzu Kastelli w Chanii, rejs łodzią podwodną, obiad w portowej tawernie i pożegnalny wieczór w ogrodzie winnicy.","Spacerujemy rano pustym portem w Chanii, potem płyniemy łodzią ze szklanym dnem oglądać ryby, a popołudniu relaksujemy się w ogrodzie pod drzewami pomarańczowymi w pięknej winnicy.",08:05,0.5h,3,43,Manousakis Winery,"35.46075, 23.94058",13:55 - 15:55,15:55 (powrót na pakowanie),Brak,Ogród pod pomarańczami ze swobodną przestrzenią na trawie.,Pożegnalny wieczór w scenerii gajów cytrusowych.,lunchbox_maly,13:55 - 15:55,Lunchbox mały
7,"Poranna Chania, Rejs Półpodwodny & Winnica Manousakis","Morski akcent pożegnalny: ranny spacer po wzgórzu Kastelli w Chanii, rejs łodzią podwodną, obiad w portowej tawernie i pożegnalny wieczór w ogrodzie winnicy.","Spacerujemy rano pustym portem w Chanii, potem płyniemy łodzią ze szklanym dnem oglądać ryby, a popołudniu relaksujemy się w ogrodzie pod drzewami pomarańczowymi w pięknej winnicy.",08:05,0.5h,4,46,Powrót do domku,"35.59125, 24.09555",16:40 - 18:25,-,Brak,Baza Stavros.,Kolacja i ostatnia noc w Stavros przed jutrzejszym wylotem.,kolacja,17:10,Kolacja
8,Południowa Przygoda: Tropikalna Plaża Preveli & Las Palmowy,"Egzotyczna wyprawa na południowe wybrzeże Krety, łącząca rejs łodzią motorową, spacer dnem rzeki w zielonym gaju palmowym Preveli oraz obiad przy plaży Damnoni i postój w cienistym Spili.","Całkowicie omijamy mordercze schody klifowe i podpływamy na plażę łódką motorową z Damnoni, a potem spacerujemy w głębokim cieniu tropikalnych palm nad słodką rzeką.",08:15,0.5h,0,46,Wyjazd z domku,"35.59125, 24.09555",08:15 - 08:45,-,Długa trasa autem (1 godz. 50 min) - przygotować gry słowne i audiobooki,Klimatyzowany samochód – spokojna jazda bez pośpiechu przez spektakularny Wąwóz Kourtaliotiko,"Śniadanie w domku, spakowanie auta i wyjazd o 08:30",śniadanie,08:15,Śniadanie
8,Południowa Przygoda: Tropikalna Plaża Preveli & Las Palmowy,"Egzotyczna wyprawa na południowe wybrzeże Krety, łącząca rejs łodzią motorową, spacer dnem rzeki w zielonym gaju palmowym Preveli oraz obiad przy plaży Damnoni i postój w cienistym Spili.","Całkowicie omijamy mordercze schody klifowe i podpływamy na plażę łódką motorową z Damnoni, a potem spacerujemy w głębokim cieniu tropikalnych palm nad słodką rzeką.",08:15,0.5h,1,49,Plaża Preveli,"35.15250, 24.47361",10:45 - 12:45,12:45 (czas na rejs powrotny i obiad),Brak komercyjnych parasoli na plaży (status rezerwatu). Unikać otwartego słońca w południe – schronić się w chłodnym gaju palmowym.,Głęboki naturalny cień gaju palmowego wzdłuż słodkowodnej rzeki rzuca przyjemny chłód i osłonę przed wiatrem.,"Rejs łodzią z Damnoni, piknik pod palmami i powrót łodzią o 13:00",lunchbox_maly,10:45 - 12:45,Mały lunchbox
8,Południowa Przygoda: Tropikalna Plaża Preveli & Las Palmowy,"Egzotyczna wyprawa na południowe wybrzeże Krety, łącząca rejs łodzią motorową, spacer dnem rzeki w zielonym gaju palmowym Preveli oraz obiad przy plaży Damnoni i postój w cienistym Spili.","Całkowicie omijamy mordercze schody klifowe i podpływamy na plażę łódką motorową z Damnoni, a potem spacerujemy w głębokim cieniu tropikalnych palm nad słodką rzeką.",08:15,0.5h,2,46,Powrót do domku,"35.59125, 24.09555",14:45 - 17:45,-,Brak,"Tradycyjna, cienista wioska Spili – spacer po bocznych alejkach, chłodna kawiarnia","Obiad w Damnoni o 13:15, krótki postój w Spili o 15:30 i powrót na kolację",kolacja,15:15,Kolacja
9,Mity i Oceaniczne Głębiny - kopia: Pałac w Knossos & Cretaquarium,Wyprawa łącząca mityczną historię starożytnej Krety w Knossos z klimatyzowanym podwodnym światem Cretaquarium oraz eksponatami Muzeum Archeologicznego.,"Spieszymy się rano w Knossos przed słońcem i autokarami, potem chłodzimy się i wyciszamy zmysły w mrocznym akwarium, a na koniec szybko oglądamy złote pszczoły w klimatyzowanym muzeum.",04:40,0.5h,0,46,Wyjazd z domku,"35.59125, 24.09555",04:40 - 05:10,-,Sprawdzić czy wszystko spakowane przed zamknięciem drzwi,Klimatyzowany samochód – spokojna jazda bez pośpiechu,Spakowanie auta i wyjazd o deadline,śniadanie,04:40,Śniadanie
9,Mity i Oceaniczne Głębiny - kopia: Pałac w Knossos & Cretaquarium,Wyprawa łącząca mityczną historię starożytnej Krety w Knossos z klimatyzowanym podwodnym światem Cretaquarium oraz eksponatami Muzeum Archeologicznego.,"Spieszymy się rano w Knossos przed słońcem i autokarami, potem chłodzimy się i wyciszamy zmysły w mrocznym akwarium, a na koniec szybko oglądamy złote pszczoły w klimatyzowanym muzeum.",04:40,0.5h,1,1,Pałac w Knossos,"35.29805, 25.16278",08:00 - 09:30,09:30 (upał i tłum),Ewakuacja przed 10:00! Słońce i fale autokarów tworzą ekstremalne przebodźcowanie.,Zacieniony skwer przy wyjściu.,"Szybkie zwiedzanie w chłodzie rano, bez przemęczania dzieci.",lunchbox_maly,08:00 - 09:30,Mały lunchbox
9,Mity i Oceaniczne Głębiny - kopia: Pałac w Knossos & Cretaquarium,Wyprawa łącząca mityczną historię starożytnej Krety w Knossos z klimatyzowanym podwodnym światem Cretaquarium oraz eksponatami Muzeum Archeologicznego.,"Spieszymy się rano w Knossos przed słońcem i autokarami, potem chłodzimy się i wyciszamy zmysły w mrocznym akwarium, a na koniec szybko oglądamy złote pszczoły w klimatyzowanym muzeum.",04:40,0.5h,2,2,Cretaquarium,"35.33256, 25.28254",09:55 - 11:25,11:25 (czas na obiad),Hałas i echo w halach - założyć dzieciom słuchawki wygłuszające.,Zacieniony ogród tawerny przy plaży Gournes ze świeżą bryzą.,Podwodne wyciszenie w klimatyzowanym półmroku oraz spokojny obiad nad morzem.,lunchbox_maly,09:55 - 11:25,Mały lunchbox
9,Mity i Oceaniczne Głębiny - kopia: Pałac w Knossos & Cretaquarium,Wyprawa łącząca mityczną historię starożytnej Krety w Knossos z klimatyzowanym podwodnym światem Cretaquarium oraz eksponatami Muzeum Archeologicznego.,"Spieszymy się rano w Knossos przed słońcem i autokarami, potem chłodzimy się i wyciszamy zmysły w mrocznym akwarium, a na koniec szybko oglądamy złote pszczoły w klimatyzowanym muzeum.",04:40,0.5h,3,4,Muzeum Archeologiczne w Heraklionie,"35.33924, 25.13702",11:45 - 12:40,12:40 (czas na powrót),"Długie zwiedzanie (ponad 45 min) grozi znużeniem. Szybki, celowy spacer po najważniejszych salach minojskich.",Zacieniony skwer przy muzeum lub klimatyzowane lobby.,Ekspresowa i celowa wizyta w klimatyzowanym muzeum pod kątem minojskich skarbów.,,,
9,Mity i Oceaniczne Głębiny - kopia: Pałac w Knossos & Cretaquarium,Wyprawa łącząca mityczną historię starożytnej Krety w Knossos z klimatyzowanym podwodnym światem Cretaquarium oraz eksponatami Muzeum Archeologicznego.,"Spieszymy się rano w Knossos przed słońcem i autokarami, potem chłodzimy się i wyciszamy zmysły w mrocznym akwarium, a na koniec szybko oglądamy złote pszczoły w klimatyzowanym muzeum.",04:40,0.5h,4,46,Powrót do domku,"35.59125, 24.09555",15:35 - 18:35,-,Brak,"Bezpieczna, łagodna zatoka Stavros – pełny reset po powrocie.","Spokojna sjesta, plaża i domowa kolacja w Stavros.",kolacja,16:05,Kolacja
10,Bujny Ogród Botaniczny Krety & Ekologiczna Farma Arevitis - kopia,"Przyrodnicza, niespieszna wycieczka alejkami Ogrodu Botanicznego połączona ze zwierzętami i ekologicznym obiadkiem agroturystycznym.","Rano niespiesznie spacerujemy w chłodzie ogrodu botanicznego pośród zapachów i pawi, a potem uciekamy przed słońcem na bezpieczną, zieloną farmę na ekologiczny, swojski obiad.",08:30,0.5h,0,46,Wyjazd z domku,"35.59125, 24.09555",08:30 - 09:00,-,Sprawdzić czy wszystko spakowane przed zamknięciem drzwi,Klimatyzowany samochód – spokojna jazda bez pośpiechu,Spakowanie auta i wyjazd o deadline,śniadanie,08:30,Śniadanie
10,Bujny Ogród Botaniczny Krety & Ekologiczna Farma Arevitis - kopia,"Przyrodnicza, niespieszna wycieczka alejkami Ogrodu Botanicznego połączona ze zwierzętami i ekologicznym obiadkiem agroturystycznym.","Rano niespiesznie spacerujemy w chłodzie ogrodu botanicznego pośród zapachów i pawi, a potem uciekamy przed słońcem na bezpieczną, zieloną farmę na ekologiczny, swojski obiad.",08:30,0.5h,1,5,Botanical Garden of Crete,"35.41829, 23.93922",09:45 - 11:45,11:45 (upał na dolnych ścieżkach),Podejścia pod górę - robić krótkie przystanki.,Zacieniona altana przy stawie z łabędziami.,Spacer pośród zapachów śródziemnomorskich roślin.,lunchbox_maly,09:45 - 11:45,Mały lunchbox
10,Bujny Ogród Botaniczny Krety & Ekologiczna Farma Arevitis - kopia,"Przyrodnicza, niespieszna wycieczka alejkami Ogrodu Botanicznego połączona ze zwierzętami i ekologicznym obiadkiem agroturystycznym.","Rano niespiesznie spacerujemy w chłodzie ogrodu botanicznego pośród zapachów i pawi, a potem uciekamy przed słońcem na bezpieczną, zieloną farmę na ekologiczny, swojski obiad.",08:30,0.5h,2,9,Arevitis Farm (Wizytacja),"35.40530, 23.92120",11:55 - 14:10,14:10 (powrót na sjestę),Brak.,"Cichy, wiejski ogród agroturystyczny.",Ekologiczny obiad i wyciszający kontakt ze zwierzętami.,lunchbox_maly,11:55 - 14:10,Mały lunchbox
10,Bujny Ogród Botaniczny Krety & Ekologiczna Farma Arevitis - kopia,"Przyrodnicza, niespieszna wycieczka alejkami Ogrodu Botanicznego połączona ze zwierzętami i ekologicznym obiadkiem agroturystycznym.","Rano niespiesznie spacerujemy w chłodzie ogrodu botanicznego pośród zapachów i pawi, a potem uciekamy przed słońcem na bezpieczną, zieloną farmę na ekologiczny, swojski obiad.",08:30,0.5h,3,46,Powrót do domku,"35.59125, 24.09555",15:05 - 18:20,-,Brak,Zatoka Stavros.,Popołudniowe wyciszenie i bezpieczny odpoczynek.,kolacja,15:35,Kolacja
11,Monastyr Agia Triada & Rynek w Chanii,Zwiedzanie Monastyru Agia Triada i zakupy na rynku w Chanii.,"Wczesny start, aby uniknąć upału. Monastyr zapewnia cień. Rynek odwiedzamy przed 12:00, aby uniknąć tłumów i skwaru. Obiad w domku po powrocie.",08:30,0.5h,0,,Nasz Domek (Start),"35.5914, 24.0918",08:30 - 09:00,,,,,śniadanie,08:30,Śniadanie
11,Monastyr Agia Triada & Rynek w Chanii,Zwiedzanie Monastyru Agia Triada i zakupy na rynku w Chanii.,"Wczesny start, aby uniknąć upału. Monastyr zapewnia cień. Rynek odwiedzamy przed 12:00, aby uniknąć tłumów i skwaru. Obiad w domku po powrocie.",08:30,0.5h,1,59,Monastyr Agia Triada,"35.5486, 24.1364",09:15 - 10:45,,,,Spokojny spacer w cieniu arkad.,,,
11,Monastyr Agia Triada & Rynek w Chanii,Zwiedzanie Monastyru Agia Triada i zakupy na rynku w Chanii.,"Wczesny start, aby uniknąć upału. Monastyr zapewnia cień. Rynek odwiedzamy przed 12:00, aby uniknąć tłumów i skwaru. Obiad w domku po powrocie.",08:30,0.5h,2,,Rynek w Chanii,"35.586222, 24.091861",11:00 - 11:45,,,,Szybkie zakupy świeżych produktów przed szczytem upału.,,,
11,Monastyr Agia Triada & Rynek w Chanii,Zwiedzanie Monastyru Agia Triada i zakupy na rynku w Chanii.,"Wczesny start, aby uniknąć upału. Monastyr zapewnia cień. Rynek odwiedzamy przed 12:00, aby uniknąć tłumów i skwaru. Obiad w domku po powrocie.",08:30,0.5h,3,,Nasz Domek (Powrót),"35.5914, 24.0918",11:55 - 12:55,,,,,obiad,12:25,Obiad w domku po powrocie z wycieczki.
