id_wycieczki,tytul_wycieczki,calosciowy_opis_wycieczki,calosciowa_taktyka_dnia,numer_miejsca,nazwa,wspolrzedne,godzina_pobudki,godzina_wyjazdu_deadline,okienko_zwiedzania,godzina_ewakuacji,nazwa_posilku,godzina_posilku,posilek,cel_nastepny_i_czas,checklista_sprzetu,checklista_prowiantu,zadania_dla_dzieci,czerwona_strefa_ostrzezenie,strefa_luzu_i_regeneracji,podsumowanie_taktyki,calkowity_czas_wycieczki_info
0,Lotnisko,"Spokojny transfer powrotny ze Stavros na lotnisko w Heraklionie na lot o godzinie 13:00, z uwzględnieniem czasu na zwrot samochodu i bezstresową odprawę.","Wyjeżdżamy rano po śniadaniu, jedziemy spokojnie trasą VOAK z zapasem czasu, zdajemy sprawnie samochód do 10:30, a czas przed odlotem spędzamy w wyciszonej strefie lotniska.",46,Wyjazd z domku,"35.5908, 24.0761",07:15,08:15,-,-,Śniadanie,07:30,Spokojne śniadanie w domku (07:30) [Bezpieczne domowe Safe Foods],Lotnisko w Heraklionie (2 godz. 15 min),"Paszporty, bilety lotnicze, karty pokładowe, kluczyki do wypożyczonego samochodu, ładowarki spakowane do kabinowego","Lunchbox mały z suchym prowiantem na drogę i do samolotu, puste bidony (do napełnienia wodą po kontroli bezpieczeństwa)","ZADANIE: Sprawdź, czy Twój ulubiony pluszak lub kocyk jest już bezpiecznie spakowany w Twoim podręcznym plecaku!","Upewnij się, że nie zostawiliście żadnych leków ani kabli w gniazdkach w domku.","Klimatyzowane auto, spokojna muzyka na pożegnanie z Kretą.","Śniadanie, ostateczne spakowanie auta i wyjazd punktualnie o 08:15.","Wyjazd 08:15, lot o 13:00, czas podróży i procedur lotniskowych ok. 4.5 godz."
0,Lotnisko,"Spokojny transfer powrotny ze Stavros na lotnisko w Heraklionie na lot o godzinie 13:00, z uwzględnieniem czasu na zwrot samochodu i bezstresową odprawę.","Wyjeżdżamy rano po śniadaniu, jedziemy spokojnie trasą VOAK z zapasem czasu, zdajemy sprawnie samochód do 10:30, a czas przed odlotem spędzamy w wyciszonej strefie lotniska.",56,Lotnisko w Heraklionie,"35.3397, 25.1803",-,13:00,10:30 - 13:00,13:00 (Odlot),Przekąska / Obiad,11:30,Suchy prowiant (Safe Foods) po przejściu kontroli bezpieczeństwa lub łagodny obiad w strefie wolnocłowej.,-,"Słuchawki wygłuszające na czas odprawy (echo w hali lotniska), iPad z filmami na czas oczekiwania w bramce","Woda zakupiona po przejściu kontroli bezpieczeństwa, musy owocowe, suche paluszki",ZADANIE: Pomóż nieść swój mały plecaczek przez bramki bezpieczeństwa i pomachaj panu celnikowi!,Hałas i echo w hali odlotów mogą drażnić słuchowo dziecko z AuDHD – słuchawki wygłuszające założyć przed wejściem do terminala!,Kącik zabaw dla dzieci lub spokojniejsze fotele przy mniej obciążonych bramkach (gate'ach).,"Zdanie samochodu do 10:30, bezstresowa odprawa, odpoczynek w cichej strefie przed odlotem o 13:00.","Wyjazd 08:15, lot o 13:00, czas podróży i procedur lotniskowych ok. 4.5 godz."
1,Mity i Oceaniczne Głębiny: Pałac w Knossos & Cretaquarium,Wyprawa łącząca mityczną historię starożytnej Krety w Knossos z klimatyzowanym podwodnym światem Cretaquarium oraz eksponatami Muzeum Archeologicznego.,"Spieszymy się rano w Knossos przed słońcem i autokarami, potem chłodzimy się i wyciszamy zmysły w mrocznym akwarium, a na koniec szybko oglądamy złote pszczoły w klimatyzowanym muzeum.",46,Wyjazd z domku,"35.5908, 24.0761",05:45,06:30,-,-,Śniadanie,06:00,Śniadanie w domku w Stavros (06:00) [Bezpieczne domowe Safe Foods],Pałac w Knossos (2 godz. 15 min),"Spakowany plecak termiczny z Lunchboxami, woda, apteczka, nakrycia głowy","Przygotowane tosty/kanapki (Lunchbox mały), owoce, pełny zapas wody x4",Pomoc w pakowaniu auta i wybór muzyki na drogę,Sprawdzić czy wszystko spakowane przed zamknięciem drzwi,Klimatyzowany samochód – spokojna jazda bez pośpiechu,Spakowanie auta i wyjazd o deadline,"Start 06:30, powrót do Stavros ok. 17:15, kolacja w domku"
1,Mity i Oceaniczne Głębiny: Pałac w Knossos & Cretaquarium,Wyprawa łącząca mityczną historię starożytnej Krety w Knossos z klimatyzowanym podwodnym światem Cretaquarium oraz eksponatami Muzeum Archeologicznego.,"Spieszymy się rano w Knossos przed słońcem i autokarami, potem chłodzimy się i wyciszamy zmysły w mrocznym akwarium, a na koniec szybko oglądamy złote pszczoły w klimatyzowanym muzeum.",1,Pałac w Knossos,"35.2980, 25.1631",-,09:30,08:00 - 09:30,09:30 (upał i tłum),Lunchbox mały,07:15,Lunchbox mały w aucie (07:15) [Tosty/kanapka] (Śniadanie 06:00 w domku),Cretaquarium (25 min),"iPad + aplikacja 3D, okulary przeciwsłoneczne, czapka z daszkiem, filtry UV","Torba termiczna (Lunchbox): zamrożone wkłady, tosty bez sosu, banany, krakersy, woda x4 (Bez wieprzowiny)",Poszukiwacze Minotaura: Kto pierwszy wypatrzy ogromne czerwone kolumny i malowidło z bykiem?,Ewakuacja przed 10:00! Słońce i fale autokarów tworzą ekstremalne przebodźcowanie.,Zacieniony skwer przy wyjściu.,"Szybkie zwiedzanie w chłodzie rano, bez przemęczania dzieci.","Start 06:30, powrót do Stavros ok. 17:15, kolacja w domku"
1,Mity i Oceaniczne Głębiny: Pałac w Knossos & Cretaquarium,Wyprawa łącząca mityczną historię starożytnej Krety w Knossos z klimatyzowanym podwodnym światem Cretaquarium oraz eksponatami Muzeum Archeologicznego.,"Spieszymy się rano w Knossos przed słońcem i autokarami, potem chłodzimy się i wyciszamy zmysły w mrocznym akwarium, a na koniec szybko oglądamy złote pszczoły w klimatyzowanym muzeum.",2,Cretaquarium,"35.3326, 25.2825",-,09:30 (z Knossos),10:15 - 11:45,11:45 (czas na obiad),Obiad,12:00 - 13:30,JEDYNY OBIAD NA MIEŚCIE: Tawerna nadmorska Gournes (12:00 - 13:30) lub opcjonalnie Lunchbox duży z domku,Muzeum Archeologiczne w Heraklionie (20 min),"Słuchawki wygłuszające, bluza/lekka kurtka (klimatyzowane sale)","Torba termiczna (Lunchbox): zimne soczki ze słomką, woda x4",Łowcy Rekinów: Liczymy małe i duże rekiny pływające w wielkim akwarium!,Hałas i echo w halach - założyć dzieciom słuchawki wygłuszające.,Zacieniony ogród tawerny przy plaży Gournes ze świeżą bryzą.,Podwodne wyciszenie w klimatyzowanym półmroku oraz spokojny obiad nad morzem.,"Start 06:30, powrót do Stavros ok. 17:15, kolacja w domku"
1,Mity i Oceaniczne Głębiny: Pałac w Knossos & Cretaquarium,Wyprawa łącząca mityczną historię starożytnej Krety w Knossos z klimatyzowanym podwodnym światem Cretaquarium oraz eksponatami Muzeum Archeologicznego.,"Spieszymy się rano w Knossos przed słońcem i autokarami, potem chłodzimy się i wyciszamy zmysły w mrocznym akwarium, a na koniec szybko oglądamy złote pszczoły w klimatyzowanym muzeum.",4,Muzeum Archeologiczne w Heraklionie,"35.3392, 25.1370",-,15:00 (z Muzeum),13:50 - 14:45,14:45 (czas na powrót),,,Przekąska owocowa / owoce (14:45),Powrót do domku (2 godz. 15 min),"Lekka odzież klimatyzacyjna, słuchawki wygłuszające, wózek sensoryczny","Zapas zimnej wody, owoce i drobne przekąski",ZADANIE: Znajdź tajemniczy Dysk z Fajstos ze spiralami oraz Złote Pszczoły!,"Długie zwiedzanie (ponad 45 min) grozi znużeniem. Szybki, celowy spacer po najważniejszych salach minojskich.",Zacieniony skwer przy muzeum lub klimatyzowane lobby.,Ekspresowa i celowa wizyta w klimatyzowanym muzeum pod kątem minojskich skarbów.,"Start 06:30, powrót do Stavros ok. 17:15, kolacja w domku"
1,Mity i Oceaniczne Głębiny: Pałac w Knossos & Cretaquarium,Wyprawa łącząca mityczną historię starożytnej Krety w Knossos z klimatyzowanym podwodnym światem Cretaquarium oraz eksponatami Muzeum Archeologicznego.,"Spieszymy się rano w Knossos przed słońcem i autokarami, potem chłodzimy się i wyciszamy zmysły w mrocznym akwarium, a na koniec szybko oglądamy złote pszczoły w klimatyzowanym muzeum.",46,Powrót do domku,"35.5908, 24.0761",-,15:00 (z Heraklionu),15:30 - 18:30,-,Kolacja,18:30,KOLACJA ZAWSZE W DOMKU W STAVROS (18:30) [Bezpieczne domowe Safe Foods],-,"Ręczniki, kostiumy kąpielowe, zabawki do piasku","Zapas wody, chłodny sok, owoce, składniki na kolację w domku w Stavros",Odsłuchiwanie ulubionych opowieści w aucie podczas powrotu.,Brak,"Bezpieczna, łagodna zatoka Stavros – pełny reset po powrocie.","Spokojna sjesta, plaża i domowa kolacja w Stavros.","Start 06:30, powrót do Stavros ok. 17:15, kolacja w domku"
2,"Wodospady, Starożytne Lappa & Słodkowadne Jezioro Kournas","Spokojna, orzeźwiająca wyprawa łącząca rzymską wioskę Lappa z obiadem przy wodospadach Argyroupoli oraz zabawą na rowerach wodnych.","Zaczynamy od łagodnego spaceru w cieniu rzymskiej wioski, potem jemy obiad przy kojącym szumie wodospadów pod wielkimi platanami, a popołudniu pedałujemy na rowerku wodnym i szukamy żółwi w jeziorze.",46,Wyjazd z domku,"35.5908, 24.0761",07:30,08:30,-,-,Śniadanie,07:45,Śniadanie w domku w Stavros (07:45) [Bezpieczne domowe Safe Foods],Ancient Lappa & Lappa Avocado (1 godz. 10 min),"Spakowany plecak termiczny z Lunchboxami, woda, apteczka, nakrycia głowy","Przygotowane tosty/kanapki (Lunchbox mały), owoce, pełny zapas wody x4",Pomoc w pakowaniu auta i wybór muzyki na drogę,Sprawdzić czy wszystko spakowane przed zamknięciem drzwi,Klimatyzowany samochód – spokojna jazda bez pośpiechu,Spakowanie auta i wyjazd o deadline,"Start 08:30, powrót do Stavros ok. 16:30, kolacja w domku"
2,"Wodospady, Starożytne Lappa & Słodkowadne Jezioro Kournas","Spokojna, orzeźwiająca wyprawa łącząca rzymską wioskę Lappa z obiadem przy wodospadach Argyroupoli oraz zabawą na rowerach wodnych.","Zaczynamy od łagodnego spaceru w cieniu rzymskiej wioski, potem jemy obiad przy kojącym szumie wodospadów pod wielkimi platanami, a popołudniu pedałujemy na rowerku wodnym i szukamy żółwi w jeziorze.",8,Ancient Lappa & Lappa Avocado,"35.2866, 24.3338",-,11:15,09:45 - 11:15,11:15 (przejście na obiad),Lunchbox mały,11:00,Lunchbox mały po spacerze w Lappa (11:00) [Tosty / kanapki z serem],Argyroupoli Waterfalls (5 min),"Wygodne sandały, czapki od słońca","Torba termiczna (Lunchbox): słupki ogórka, tosty, banany, woda x4 (Bez wieprzowiny)",Dotknij kory stuletniego drzewa oliwnego w Lappa!,Strome podejścia - trzymać wolne tempo.,Pachnący i chłodny sklepik Lappa Avocado.,Łagodny spacer w porannym cieniu rzymskiej wioski.,"Start 08:30, powrót do Stavros ok. 16:30, kolacja w domku"
2,"Wodospady, Starożytne Lappa & Słodkowadne Jezioro Kournas","Spokojna, orzeźwiająca wyprawa łącząca rzymską wioskę Lappa z obiadem przy wodospadach Argyroupoli oraz zabawą na rowerach wodnych.","Zaczynamy od łagodnego spaceru w cieniu rzymskiej wioski, potem jemy obiad przy kojącym szumie wodospadów pod wielkimi platanami, a popołudniu pedałujemy na rowerku wodnym i szukamy żółwi w jeziorze.",6,Wodospady Argyroupoli,"35.2863, 24.3312",-,11:15 (z Lappa),11:30 - 13:45,13:45 (przejazd nad jezioro),Obiad,12:15 - 13:30,JEDYNY OBIAD NA MIEŚCIE: Tawerna pod platanami w Argyroupoli (12:15 - 13:30) lub opcjonalnie Lunchbox duży z domku,Lake Kournas (25 min),Mały ręcznik turystyczny (moczenie stóp),"Zapas wody, chłodne soczki, owoce, prowiant awaryjny",Znajdź kaskadę wodną spływającą ze skały tuż obok stolika!,Śliskie kamienie - uważać przy wodzie.,Głęboki cień platanów i naturalny szum spływającej wody.,Kojący obiad w tradycyjnej tawernie rybnej przy wodospadach.,"Start 08:30, powrót do Stavros ok. 16:30, kolacja w domku"
2,"Wodospady, Starożytne Lappa & Słodkowadne Jezioro Kournas","Spokojna, orzeźwiająca wyprawa łącząca rzymską wioskę Lappa z obiadem przy wodospadach Argyroupoli oraz zabawą na rowerach wodnych.","Zaczynamy od łagodnego spaceru w cieniu rzymskiej wioski, potem jemy obiad przy kojącym szumie wodospadów pod wielkimi platanami, a popołudniu pedałujemy na rowerku wodnym i szukamy żółwi w jeziorze.",3,Lake Kournas (Rowerki wodne),"35.3303, 24.2792",-,13:45 (z Argyroupoli),14:15 - 15:30,15:30 (powrót do bazy),,,,Powrót do domku (55 min),"Buty do wody, krem z filtrem, czapki od słońca","Torba termiczna (Lunchbox): soczki ze słomką, krakersy po kąpieli",Rozglądajcie się za malutkimi żółwiami wodnymi i kaczeczkami!,Słońce na wodzie - nakrycia głowy obowiązkowe.,Chłodna woda jeziora i relaksujące pedałowanie.,Radosna zabawa na rowerku ze zjeżdżalnią.,"Start 08:30, powrót do Stavros ok. 16:30, kolacja w domku"
2,"Wodospady, Starożytne Lappa & Słodkowadne Jezioro Kournas","Spokojna, orzeźwiająca wyprawa łącząca rzymską wioskę Lappa z obiadem przy wodospadach Argyroupoli oraz zabawą na rowerach wodnych.","Zaczynamy od łagodnego spaceru w cieniu rzymskiej wioski, potem jemy obiad przy kojącym szumie wodospadów pod wielkimi platanami, a popołudniu pedałujemy na rowerku wodnym i szukamy żółwi w jeziorze.",46,Powrót do domku,"35.5908, 24.0761",-,15:30 (z Kournas),16:30 - 19:00,-,Kolacja,18:30,KOLACJA ZAWSZE W DOMKU W STAVROS (18:30) [Bezpieczne domowe Safe Foods],-,Wyciszające ubrania sensoryczne,Składniki na ciepłą domową kolację w Stavros,Słuchanie wyciszającej muzyki w aucie.,Brak,Stawros - bezpieczna strefa komfortu.,Spokojny wieczór i ciepła kolacja w domku.,"Start 08:30, powrót do Stavros ok. 16:30, kolacja w domku"
3,Bujny Ogród Botaniczny Krety & Ekologiczna Farma Arevitis,"Przyrodnicza, niespieszna wycieczka alejkami Ogrodu Botanicznego połączona ze zwierzętami i ekologicznym obiadkiem agroturystycznym.","Rano niespiesznie spacerujemy w chłodzie ogrodu botanicznego pośród zapachów i pawi, a potem uciekamy przed słońcem na bezpieczną, zieloną farmę na ekologiczny, swojski obiad.",46,Wyjazd z domku,"35.5908, 24.0761",07:30,08:45,-,-,Śniadanie,08:00,Śniadanie w domku w Stavros (08:00) [Bezpieczne domowe Safe Foods],Botanical Garden of Crete (55 min),"Spakowany plecak termiczny z Lunchboxami, woda, apteczka, nakrycia głowy","Przygotowane tosty/kanapki (Lunchbox mały), owoce, pełny zapas wody x4",Pomoc w pakowaniu auta i wybór muzyki na drogę,Sprawdzić czy wszystko spakowane przed zamknięciem drzwi,Klimatyzowany samochód – spokojna jazda bez pośpiechu,Spakowanie auta i wyjazd o deadline,"Start 08:45, powrót do Stavros ok. 15:15, kolacja w domku"
3,Bujny Ogród Botaniczny Krety & Ekologiczna Farma Arevitis,"Przyrodnicza, niespieszna wycieczka alejkami Ogrodu Botanicznego połączona ze zwierzętami i ekologicznym obiadkiem agroturystycznym.","Rano niespiesznie spacerujemy w chłodzie ogrodu botanicznego pośród zapachów i pawi, a potem uciekamy przed słońcem na bezpieczną, zieloną farmę na ekologiczny, swojski obiad.",5,Botanical Garden of Crete,"35.4183, 23.9392",-,11:45,09:45 - 11:45,11:45 (upał na dolnych ścieżkach),Lunchbox mały,11:15,Lunchbox mały w cieniu Ogrodu Botanicznego (11:15) [Kanapki / tosty],Arevitis Farm (10 min),"Wygodne buty sportowe, nakrycia głowy","Torba termiczna (Lunchbox): suche krakersy, banany, woda x4 (Bez wieprzowiny)",Liczymy dumne pawie chodzące swobodnie po ogrodzie!,Podejścia pod górę - robić krótkie przystanki.,Zacieniona altana przy stawie z łabędziami.,Spacer pośród zapachów śródziemnomorskich roślin.,"Start 08:45, powrót do Stavros ok. 15:15, kolacja w domku"
3,Bujny Ogród Botaniczny Krety & Ekologiczna Farma Arevitis,"Przyrodnicza, niespieszna wycieczka alejkami Ogrodu Botanicznego połączona ze zwierzętami i ekologicznym obiadkiem agroturystycznym.","Rano niespiesznie spacerujemy w chłodzie ogrodu botanicznego pośród zapachów i pawi, a potem uciekamy przed słońcem na bezpieczną, zieloną farmę na ekologiczny, swojski obiad.",9,Arevitis Farm (Wizytacja),"35.4121, 23.9015",-,11:45 (z Ogrodu Botanicznego),12:00 - 14:15,14:15 (powrót na sjestę),Obiad,12:45 - 14:00,JEDYNY OBIAD NA MIEŚCIE: Restauracja Arevitis Farm (12:45 - 14:00) lub opcjonalnie Lunchbox duży z domku,Powrót do domku (50 min),Chusteczki nawilżane po głaskaniu zwierząt,"Zapas wody x4, soczki ze słomką",Poznaj wesołe osiołki i podaj im marchewkę!,Brak.,"Cichy, wiejski ogród agroturystyczny.",Ekologiczny obiad i wyciszający kontakt ze zwierzętami.,"Start 08:45, powrót do Stavros ok. 15:15, kolacja w domku"
3,Bujny Ogród Botaniczny Krety & Ekologiczna Farma Arevitis,"Przyrodnicza, niespieszna wycieczka alejkami Ogrodu Botanicznego połączona ze zwierzętami i ekologicznym obiadkiem agroturystycznym.","Rano niespiesznie spacerujemy w chłodzie ogrodu botanicznego pośród zapachów i pawi, a potem uciekamy przed słońcem na bezpieczną, zieloną farmę na ekologiczny, swojski obiad.",46,Powrót do domku,"35.5908, 24.0761",-,14:15 (z Arevitis Farm),15:15 - 18:30,-,Kolacja,18:30,KOLACJA ZAWSZE W DOMKU W STAVROS (18:30) [Bezpieczne domowe Safe Foods],-,Zabawki plażowe,Składniki na domową kolację w Stavros,Wyliczanka ulubionych zwierzaków z farmy.,Brak,Zatoka Stavros.,Popołudniowe wyciszenie i bezpieczny odpoczynek.,"Start 08:45, powrót do Stavros ok. 15:15, kolacja w domku"
4,Echo Starożytnej Aptery & Sensoryczne Mydlarnie w Kalyves,"Krótka, fascynująca wycieczka łącząca eksperymenty akustyczne w cysternach Aptery z warsztatami mydlarskimi w mill.o.petres i obiadkiem przy plaży w Kalyves.","Rano odkrywamy puste ruiny Aptery i krzyczymy w rzymskiej cysternie, by usłyszeć potężne echo, a potem bawimy się zapachami lawendy na warsztatach mydlarskich i odpoczywamy przy plaży.",46,Wyjazd z domku,"35.5908, 24.0761",07:30,08:30,-,-,Śniadanie,07:45,Śniadanie w domku w Stavros (07:45) [Bezpieczne domowe Safe Foods],Ancient Aptera (35 min),"Spakowany plecak termiczny z Lunchboxami, woda, apteczka, nakrycia głowy","Przygotowane tosty/kanapki (Lunchbox mały), owoce, pełny zapas wody x4",Pomoc w pakowaniu auta i wybór muzyki na drogę,Sprawdzić czy wszystko spakowane przed zamknięciem drzwi,Klimatyzowany samochód – spokojna jazda bez pośpiechu,Spakowanie auta i wyjazd o deadline,"Start 08:30, powrót do Stavros ok. 14:35, kolacja w domku"
4,Echo Starożytnej Aptery & Sensoryczne Mydlarnie w Kalyves,"Krótka, fascynująca wycieczka łącząca eksperymenty akustyczne w cysternach Aptery z warsztatami mydlarskimi w mill.o.petres i obiadkiem przy plaży w Kalyves.","Rano odkrywamy puste ruiny Aptery i krzyczymy w rzymskiej cysternie, by usłyszeć potężne echo, a potem bawimy się zapachami lawendy na warsztatach mydlarskich i odpoczywamy przy plaży.",7,Ancient Aptera,"35.4628, 24.1432",-,10:40,09:10 - 10:40,10:40 (brak cienia na płaskowyżu),Lunchbox mały,10:40,Lunchbox mały na płaskowyżu Aptery (10:40) [Kanapki / tosty],mill.o.petres (15 min),"Czapki od słońca, latarka do cysterny rzymskiej","Torba termiczna (Lunchbox): słupki ogórka, tosty, banany, woda x4 (Bez wieprzowiny)",Krzyknij w rzymskiej cysternie i policz powtórzenia echa!,Słońce na płaskowyżu po 10:30.,Gigantyczny chłód wewnątrz rzymskiej cysterny.,Eksperymenty z echem potężnie angażują uwagę dzieci.,"Start 08:30, powrót do Stavros ok. 14:35, kolacja w domku"
4,Echo Starożytnej Aptery & Sensoryczne Mydlarnie w Kalyves,"Krótka, fascynująca wycieczka łącząca eksperymenty akustyczne w cysternach Aptery z warsztatami mydlarskimi w mill.o.petres i obiadkiem przy plaży w Kalyves.","Rano odkrywamy puste ruiny Aptery i krzyczymy w rzymskiej cysternie, by usłyszeć potężne echo, a potem bawimy się zapachami lawendy na warsztatach mydlarskich i odpoczywamy przy plaży.",29,mill.o.petres (Warsztaty Mydlarskie),"35.4741, 24.1132",-,10:40 (z Aptery),11:00 - 14:00,14:00 (powrót na sjestę),Obiad,12:30 - 13:45,JEDYNY OBIAD NA MIEŚCIE: Tawerna w Kalyves (12:30 - 13:45) lub opcjonalnie Lunchbox duży z domku,Powrót do domku (35 min),Fartuszki lub koszulki na zmianę,"Zapas wody, soki naturalne ze słomką","Wybierz ulubiony zapach (lawenda, cytrus) i zrób własne mydełko!",Brak,Zacieniona pracownia oraz nadmorska tawerna w Kalyves.,Frajda z robienia mydełek i obiad nad brzegiem morza.,"Start 08:30, powrót do Stavros ok. 14:35, kolacja w domku"
4,Echo Starożytnej Aptery & Sensoryczne Mydlarnie w Kalyves,"Krótka, fascynująca wycieczka łącząca eksperymenty akustyczne w cysternach Aptery z warsztatami mydlarskimi w mill.o.petres i obiadkiem przy plaży w Kalyves.","Rano odkrywamy puste ruiny Aptery i krzyczymy w rzymskiej cysternie, by usłyszeć potężne echo, a potem bawimy się zapachami lawendy na warsztatach mydlarskich i odpoczywamy przy plaży.",44,Powrót do domku,"35.5552, 24.0831",-,14:00 (z Kalyves),14:35 - 18:00,-,Kolacja,18:30,KOLACJA ZAWSZE W DOMKU W STAVROS (18:30) [Bezpieczne domowe Safe Foods],-,Zabawki plażowe,Składniki na domową kolację w Stavros,Odpoczynek na plaży.,Brak,Plaża Kalathas z łagodnym brzegiem.,Popołudniowe wyciszenie na plaży i kolacja w domku.,"Start 08:30, powrót do Stavros ok. 14:35, kolacja w domku"
5,Głęboki Chłód Wąwozu Meskla & Tradycyjna Tawerna Ntounias,Leśno-górski spacer kładką w cieniu wąwozu Sarakina Meskla połączony z ucztowaniem slow-food w kultowym Ntounias.,"Przechodzimy bajkowo zielonym i bardzo chłodnym wąwozem dającym schronienie przed upałem, a na obiad wjeżdżamy wolno pod górę do kultowej tawerny Ntounias na gliniane garnki z pieca bez pośpiechu.",46,Wyjazd z domku,"35.5908, 24.0761",07:30,08:45,-,-,Śniadanie,08:00,Śniadanie w domku w Stavros (08:00) [Bezpieczne domowe Safe Foods],Sarakina Meskla Gorge (55 min),"Spakowany plecak termiczny z Lunchboxami, woda, apteczka, nakrycia głowy","Przygotowane tosty/kanapki (Lunchbox mały), owoce, pełny zapas wody x4",Pomoc w pakowaniu auta i wybór muzyki na drogę,Sprawdzić czy wszystko spakowane przed zamknięciem drzwi,Klimatyzowany samochód – spokojna jazda bez pośpiechu,Spakowanie auta i wyjazd o deadline,"Start 08:45, powrót do Stavros ok. 15:00, kolacja w domku"
5,Głęboki Chłód Wąwozu Meskla & Tradycyjna Tawerna Ntounias,Leśno-górski spacer kładką w cieniu wąwozu Sarakina Meskla połączony z ucztowaniem slow-food w kultowym Ntounias.,"Przechodzimy bajkowo zielonym i bardzo chłodnym wąwozem dającym schronienie przed upałem, a na obiad wjeżdżamy wolno pod górę do kultowej tawerny Ntounias na gliniane garnki z pieca bez pośpiechu.",13,Sarakina Meskla Gorge,"35.4024, 23.9575",-,11:30,09:40 - 11:30,11:30 (czas na przejazd na obiad),Lunchbox mały,11:15,Lunchbox mały po wyjściu z wąwozu Meskla (11:15) [Kanapki / pita z serem],Ntounias (15 min),"Wygodne sandały sportowe, lekka bluza (cień wąwozu)","Torba termiczna (Lunchbox): pita, banany, wafle ryżowe, woda x4 (Bez wieprzowiny)",Przejdź drewnianym mostkiem i dotknij wilgotnego mchu na skałach!,Uważać na wilgotne kamienie.,"Zacienione, chłodne wnętrze wąwozu Sarakina.",Baśniowy spacer (30-45 min) z wysokim poczuciem przygody.,"Start 08:45, powrót do Stavros ok. 15:00, kolacja w domku"
5,Głęboki Chłód Wąwozu Meskla & Tradycyjna Tawerna Ntounias,Leśno-górski spacer kładką w cieniu wąwozu Sarakina Meskla połączony z ucztowaniem slow-food w kultowym Ntounias.,"Przechodzimy bajkowo zielonym i bardzo chłodnym wąwozem dającym schronienie przed upałem, a na obiad wjeżdżamy wolno pod górę do kultowej tawerny Ntounias na gliniane garnki z pieca bez pośpiechu.",12,Ntounias w Drakonie,"35.3853, 23.9922",-,11:30 (z Meskli),11:45 - 14:00,14:00 (powrót na sjestę),Obiad,12:15 - 13:45,JEDYNY OBIAD NA MIEŚCIE: Tawerna Ntounias (12:15 - 13:45) lub opcjonalnie Lunchbox duży z domku,Powrót do domku (1 godz.),Kocyk / zabawki stolikowe,Zapas wody x4,Zobacz gliniane kociołki na piecach i policz krowy na hali!,Powolna obsługa (slow-food) - pełny luz i brak pośpiechu.,Wiejski taras z pięknym widokiem na góry.,Autentyczny kreteński obiad z glinianych kociołków.,"Start 08:45, powrót do Stavros ok. 15:00, kolacja w domku"
5,Głęboki Chłód Wąwozu Meskla & Tradycyjna Tawerna Ntounias,Leśno-górski spacer kładką w cieniu wąwozu Sarakina Meskla połączony z ucztowaniem slow-food w kultowym Ntounias.,"Przechodzimy bajkowo zielonym i bardzo chłodnym wąwozem dającym schronienie przed upałem, a na obiad wjeżdżamy wolno pod górę do kultowej tawerny Ntounias na gliniane garnki z pieca bez pośpiechu.",46,Powrót do domku,"35.5908, 24.0761",-,14:00 (z Ntounias),15:00 - 18:30,-,Kolacja,18:30,KOLACJA ZAWSZE W DOMKU W STAVROS (18:30) [Bezpieczne domowe Safe Foods],-,Leżak / koc,Składniki na domową kolację w Stavros,Wspomnienia najsmaczniejszych potraw z pieca.,Brak,Stavros Beach.,"Powrót do bazy, odpoczynek i domowa kolacja.","Start 08:45, powrót do Stavros ok. 15:00, kolacja w domku"
6,"Przejażdżka Ciuchcią, Sosnowy Park & Plaża w Agioi Apostoloi",Radosny dzień z przejażdżką ciuchcią turystyczną z wiatrem we włosach oraz relaksem i obiadkiem w cieniu pachnącego lasu piniowego.,"Wsiadamy rano do zadaszonej ciuchci turystycznej dla wesołej jazdy bez chodzenia, a potem chłodzimy się w pachnącym parku sosnowym i pluskamy w bardzo bezpiecznej, bezfalowej zatoczce.",46,Wyjazd z domku,"35.5908, 24.0761",07:30,08:45,-,-,Śniadanie,08:00,Śniadanie w domku w Stavros (08:00) [Bezpieczne domowe Safe Foods],The Little Fun Train - Agioi Apostoloi (30 min),"Spakowany plecak termiczny z Lunchboxami, woda, apteczka, nakrycia głowy","Przygotowane tosty/kanapki (Lunchbox mały), owoce, pełny zapas wody x4",Pomoc w pakowaniu auta i wybór muzyki na drogę,Sprawdzić czy wszystko spakowane przed zamknięciem drzwi,Klimatyzowany samochód – spokojna jazda bez pośpiechu,Spakowanie auta i wyjazd o deadline,"Start 08:45, powrót do Stavros ok. 14:30, kolacja w domku"
6,"Przejażdżka Ciuchcią, Sosnowy Park & Plaża w Agioi Apostoloi",Radosny dzień z przejażdżką ciuchcią turystyczną z wiatrem we włosach oraz relaksem i obiadkiem w cieniu pachnącego lasu piniowego.,"Wsiadamy rano do zadaszonej ciuchci turystycznej dla wesołej jazdy bez chodzenia, a potem chłodzimy się w pachnącym parku sosnowym i pluskamy w bardzo bezpiecznej, bezfalowej zatoczce.",27,The Little Fun Train - Agioi Apostoloi,"35.5105, 23.9825",-,11:00,09:15 - 11:00,11:00 (koniec trasy ciuchci),Lunchbox mały,11:00,Lunchbox mały po ciuchci (11:00) [Kanapki / tosty z serem],Mniejsza z plaż Agioi Apostoloi (5 min),"Okulary przeciwsłoneczne, chustka na szyję","Torba termiczna (Lunchbox): banany, woda x4 (Bez wieprzowiny)",Machamy do przechodniów i wypatrujemy oliwek!,Brak.,Zadaszona ciuchcia daje radosny powiew wiatru.,Bezstresowa atrakcja ruchowa bez wysiłku pieszego.,"Start 08:45, powrót do Stavros ok. 14:30, kolacja w domku"
6,"Przejażdżka Ciuchcią, Sosnowy Park & Plaża w Agioi Apostoloi",Radosny dzień z przejażdżką ciuchcią turystyczną z wiatrem we włosach oraz relaksem i obiadkiem w cieniu pachnącego lasu piniowego.,"Wsiadamy rano do zadaszonej ciuchci turystycznej dla wesołej jazdy bez chodzenia, a potem chłodzimy się w pachnącym parku sosnowym i pluskamy w bardzo bezpiecznej, bezfalowej zatoczce.",48,Mniejsza z plaż Agioi Apostoloi & Park Piniowy,"35.5141, 23.9812",-,11:00 (z ciuchci),11:05 - 14:00,14:00 (powrót na sjestę),Obiad,12:30 - 13:45,JEDYNY OBIAD NA MIEŚCIE: Tawerna Agioi Apostoloi (12:30 - 13:45) lub opcjonalnie Lunchbox duży z domku,Powrót do domku (30 min),"Koce plażowe, zabawki do piasku, buty do wody","Zapas wody x4, soczki ze słomką",Zbieramy okrągłe szyszki w lesie piniowym!,Brak,Głęboki cień piniowych drzew bezpośrednio przy piaszczystej zatoczce.,Cień sosen i łagodna plaża + obiad nad morzem.,"Start 08:45, powrót do Stavros ok. 14:30, kolacja w domku"
6,"Przejażdżka Ciuchcią, Sosnowy Park & Plaża w Agioi Apostoloi",Radosny dzień z przejażdżką ciuchcią turystyczną z wiatrem we włosach oraz relaksem i obiadkiem w cieniu pachnącego lasu piniowego.,"Wsiadamy rano do zadaszonej ciuchci turystycznej dla wesołej jazdy bez chodzenia, a potem chłodzimy się w pachnącym parku sosnowym i pluskamy w bardzo bezpiecznej, bezfalowej zatoczce.",46,Powrót do domku,"35.5908, 24.0761",-,14:00 (z Agioi Apostoloi),14:30 - 18:00,-,Kolacja,18:30,KOLACJA ZAWSZE W DOMKU W STAVROS (18:30) [Bezpieczne domowe Safe Foods],-,Materiały domowe,Składniki na domową kolację w Stavros,Słuchanie bajek w domku.,Brak,Baza w Stavros.,Popołudniowe leniuchowanie i kolacja w domku.,"Start 08:45, powrót do Stavros ok. 14:30, kolacja w domku"
7,"Poranna Chania, Rejs Półpodwodny & Winnica Manousakis","Morski akcent pożegnalny: ranny spacer po wzgórzu Kastelli w Chanii, rejs łodzią podwodną, obiad w portowej tawernie i pożegnalny wieczór w ogrodzie winnicy.","Spacerujemy rano pustym portem w Chanii, potem płyniemy łodzią ze szklanym dnem oglądać ryby, a popołudniu relaksujemy się w ogrodzie pod drzewami pomarańczowymi w pięknej winnicy.",46,Wyjazd z domku,"35.5908, 24.0761",07:30,08:30,-,-,Śniadanie,07:45,Śniadanie w domku w Stavros (07:45) [Bezpieczne domowe Safe Foods],Kastelli archaeological site & Stary Port Chania (25 min),"Spakowany plecak termiczny z Lunchboxami, woda, apteczka, nakrycia głowy","Przygotowane tosty/kanapki (Lunchbox mały), owoce, pełny zapas wody x4",Pomoc w pakowaniu auta i wybór muzyki na drogę,Sprawdzić czy wszystko spakowane przed zamknięciem drzwi,Klimatyzowany samochód – spokojna jazda bez pośpiechu,Spakowanie auta i wyjazd o deadline,"Start 08:30, powrót na sjestę 14:00, winnica 16:30-18:30, kolacja w domku"
7,"Poranna Chania, Rejs Półpodwodny & Winnica Manousakis","Morski akcent pożegnalny: ranny spacer po wzgórzu Kastelli w Chanii, rejs łodzią podwodną, obiad w portowej tawernie i pożegnalny wieczór w ogrodzie winnicy.","Spacerujemy rano pustym portem w Chanii, potem płyniemy łodzią ze szklanym dnem oglądać ryby, a popołudniu relaksujemy się w ogrodzie pod drzewami pomarańczowymi w pięknej winnicy.",10,Kastelli archaeological site & Stary Port Chania,"35.5173, 24.0205",-,10:15,09:00 - 10:15,10:15 (przejście do portu),Lunchbox mały,10:15,Lunchbox mały w porcie w Chanii (10:15) [Kanapki / tosty],Rejs łodzią półpodwodną (5 min spacerem),"Wygodne buty, czapki od słońca, aparat","Torba termiczna (Lunchbox): owoce, woda x4 (Bez wieprzowiny)",Spójrz ze wzgórza i znajdź czerwoną latarnię morską!,Uliczki po 11:00 się nagrzewają - zwiedzać rano.,Punkt widokowy na wzgórzu z morską bryzą.,Rześki spacer po sercu Chanii przed słońcem.,"Start 08:30, powrót na sjestę 14:00, winnica 16:30-18:30, kolacja w domku"
7,"Poranna Chania, Rejs Półpodwodny & Winnica Manousakis","Morski akcent pożegnalny: ranny spacer po wzgórzu Kastelli w Chanii, rejs łodzią podwodną, obiad w portowej tawernie i pożegnalny wieczór w ogrodzie winnicy.","Spacerujemy rano pustym portem w Chanii, potem płyniemy łodzią ze szklanym dnem oglądać ryby, a popołudniu relaksujemy się w ogrodzie pod drzewami pomarańczowymi w pięknej winnicy.",28,Rejs łodzią półpodwodną,"35.5178, 24.0195",-,10:15 (ze wzgórza Kastelli),10:30 - 13:30,13:30 (powrót na sjestę),Obiad,12:00 - 13:30,JEDYNY OBIAD NA MIEŚCIE: Tawerna rybna w Chanii (12:00 - 13:30) lub opcjonalnie Lunchbox duży z domku,Manousakis Winery (35 min),"Aparaty, słuchawki wygłuszające w razie lęku","Zapas wody x4, sok pomarańczowy",Schodzimy pod pokład i szukamy żółwi Caretta caretta!,W razie niepokoju pod wodą wyjść na pokład górny.,Klimatyzowany podwodny kadłub z fascynującym widokiem.,Wesoła przygoda podwodna (35 min) i obiad w Starym Portie.,"Start 08:30, powrót na sjestę 14:00, winnica 16:30-18:30, kolacja w domku"
7,"Poranna Chania, Rejs Półpodwodny & Winnica Manousakis","Morski akcent pożegnalny: ranny spacer po wzgórzu Kastelli w Chanii, rejs łodzią podwodną, obiad w portowej tawernie i pożegnalny wieczór w ogrodzie winnicy.","Spacerujemy rano pustym portem w Chanii, potem płyniemy łodzią ze szklanym dnem oglądać ryby, a popołudniu relaksujemy się w ogrodzie pod drzewami pomarańczowymi w pięknej winnicy.",43,Manousakis Winery,"35.4445, 23.9052",-,15:45 (ze Stavros po sjestie),16:30 - 18:30,18:30 (powrót na pakowanie),Lunchbox mały,17:00,Lunchbox mały dla dzieci w winnicy Manousakis (17:00) [Kanapki / tosty],Powrót do domku (45 min),"Swetry/bluzy na wieczór, kreacje pożegnalne",Torba termiczna (Lunchbox): przekąski dla dzieci do stolika w winnicy,Szukamy dojrzałych pomarańczy na drzewach w ogrodzie!,Brak,Ogród pod pomarańczami ze swobodną przestrzenią na trawie.,Pożegnalny wieczór w scenerii gajów cytrusowych.,"Start 08:30, powrót na sjestę 14:00, winnica 16:30-18:30, kolacja w domku"
7,"Poranna Chania, Rejs Półpodwodny & Winnica Manousakis","Morski akcent pożegnalny: ranny spacer po wzgórzu Kastelli w Chanii, rejs łodzią podwodną, obiad w portowej tawernie i pożegnalny wieczór w ogrodzie winnicy.","Spacerujemy rano pustym portem w Chanii, potem płyniemy łodzią ze szklanym dnem oglądać ryby, a popołudniu relaksujemy się w ogrodzie pod drzewami pomarańczowymi w pięknej winnicy.",46,Powrót do domku,"35.5908, 24.0761",-,18:30 (z Manousakis Winery),19:15 - 21:00,-,Kolacja,19:30,POŻEGNALNA KOLACJA ZAWSZE W DOMKU W STAVROS (19:30) [Bezpieczne domowe Safe Foods],-,Walizki do pakowania,Składniki na uroczystą pożegnalną kolację w domku w Stavros,Wspólne podziękowania za przygodę.,Brak,Baza Stavros.,Kolacja i ostatnia noc w Stavros przed jutrzejszym wylotem.,"Start 08:30, powrót na sjestę 14:00, winnica 16:30-18:30, kolacja w domku"
8,Południowa Przygoda: Tropikalna Plaża Preveli & Las Palmowy,"Egzotyczna wyprawa na południowe wybrzeże Krety, łącząca rejs łodzią motorową, spacer dnem rzeki w zielonym gaju palmowym Preveli oraz obiad przy plaży Damnoni i postój w cienistym Spili.","Całkowicie omijamy mordercze schody klifowe i podpływamy na plażę łódką motorową z Damnoni, a potem spacerujemy w głębokim cieniu tropikalnych palm nad słodką rzeką.",46,Wyjazd z domku,"35.5908, 24.0761",07:30,08:30,-,-,Śniadanie,07:45,Śniadanie w domku w Stavros (07:45) [Bezpieczne domowe Safe Foods],Plaża Preveli (1 godz. 50 min),"Spakowany plecak termiczny z Lunchboxami, woda, buty sportowe (do Spili), ręczniki","Przygotowane tosty/kanapki (Lunchbox mały), owoce, pełny zapas wody x4",Pomoc w pakowaniu auta i wybór muzyki na drogę,Długa trasa autem (1 godz. 50 min) - przygotować gry słowne i audiobooki,Klimatyzowany samochód – spokojna jazda bez pośpiechu przez spektakularny Wąwóz Kourtaliotiko,"Śniadanie w domku, spakowanie auta i wyjazd o 08:30","Start 08:30, powrót do Stavros ok. 18:30, kolacja w domku"
8,Południowa Przygoda: Tropikalna Plaża Preveli & Las Palmowy,"Egzotyczna wyprawa na południowe wybrzeże Krety, łącząca rejs łodzią motorową, spacer dnem rzeki w zielonym gaju palmowym Preveli oraz obiad przy plaży Damnoni i postój w cienistym Spili.","Całkowicie omijamy mordercze schody klifowe i podpływamy na plażę łódką motorową z Damnoni, a potem spacerujemy w głębokim cieniu tropikalnych palm nad słodką rzeką.",49,Plaża Preveli,"35.1525, 24.4735",-,13:00 (z plaży),10:45 - 12:45,13:00 (czas na rejs powrotny i obiad),Lunchbox mały,11:30,Lunchbox mały w cieniu gaju palmowego (11:30) [Kanapki / owoce / tosty],Powrót do domku (1 godz. 50 min),"Buty do wody (do rzeki), namiot UV pop-up, czapki przeciwsłoneczne, krem z filtrem","Lunchbox mały z torby chłodzącej, zimna woda w bidonach termicznych, przekąski","1. Znajdź magiczne miejsce, w którym rzeka łączy się z morzem. 2. Policz kaczki w rzece. 3. Znajdź ślady zwierząt w dżungli palmowej.",Brak komercyjnych parasoli na plaży (status rezerwatu). Unikać otwartego słońca w południe – schronić się w chłodnym gaju palmowym.,Głęboki naturalny cień gaju palmowego wzdłuż słodkowodnej rzeki rzuca przyjemny chłód i osłonę przed wiatrem.,"Rejs łodzią z Damnoni, piknik pod palmami i powrót łodzią o 13:00","Start 08:30, powrót do Stavros ok. 18:30, kolacja w domku"
8,Południowa Przygoda: Tropikalna Plaża Preveli & Las Palmowy,"Egzotyczna wyprawa na południowe wybrzeże Krety, łącząca rejs łodzią motorową, spacer dnem rzeki w zielonym gaju palmowym Preveli oraz obiad przy plaży Damnoni i postój w cienistym Spili.","Całkowicie omijamy mordercze schody klifowe i podpływamy na plażę łódką motorową z Damnoni, a potem spacerujemy w głębokim cieniu tropikalnych palm nad słodką rzeką.",46,Powrót do domku,"35.5908, 24.0761",-,15:00 (z Damnoni),15:30 - 18:30,-,Kolacja,18:30,KOLACJA ZAWSZE W DOMKU W STAVROS (18:30) [Bezpieczne domowe Safe Foods],-,"Ubrania na zmianę, suchy worek na mokre stroje","Zapas chłodnej wody, owoce w aucie, składniki na kolację w lodówce w Stavros","Obmycie rąk lodowatą, źródlaną wodą z 25 lwich głów w Spili i liczenie fontann!",Brak,"Tradycyjna, cienista wioska Spili – spacer po bocznych alejkach, chłodna kawiarnia","Obiad w Damnoni o 13:15, krótki postój w Spili o 15:30 i powrót na kolację","Start 08:30, powrót do Stavros ok. 18:30, kolacja w domku"
